,date,name,point
0,2020-09-01,가버나움,9.59
1,2020-09-01,동주,9.37
2,2020-09-01,소년시절의 너,9.37
3,2020-09-01,다시 태어나도 우리,9.35
4,2020-09-01,소원,9.32
5,2020-09-01,패왕별희 디 오리지널,9.31
6,2020-09-01,우리들,9.25
7,2020-09-01,피아니스트의 전설,9.25
8,2020-09-01,인셉션,9.23
9,2020-09-01,톰보이,9.21
10,2020-09-01,사랑과 영혼,9.19
11,2020-09-01,제리 맥과이어,9.16
12,2020-09-01,타오르는 여인의 초상,9.04
13,2020-09-01,극장판 짱구는 못말려: 신혼여행 허리케인~ 사라진 아빠!,9.04
14,2020-09-01,박하사탕,9.04
15,2020-09-01,왕의 남자,9.04
16,2020-09-01,인생 후르츠,9.02
17,2020-09-01,윤희에게,8.97
18,2020-09-01,나의 소녀시대,8.84
19,2020-09-01,아멜리에,8.82
20,2020-09-01,김복동,8.82
21,2020-09-01,메멘토,8.82
22,2020-09-01,소공녀,8.78
23,2020-09-01,벌새,8.75
24,2020-09-01,브리짓 존스의 일기,8.68
25,2020-09-01,피아노,8.65
26,2020-09-01,베스트 오퍼,8.65
27,2020-09-01,69세,8.64
28,2020-09-01,찬실이는 복도 많지,8.63
29,2020-09-01,트로이,8.62
30,2020-09-01,라라랜드,8.61
31,2020-09-01,500일의 썸머,8.42
32,2020-09-01,테넷,8.37
33,2020-09-01,다가오는 것들,8.34
34,2020-09-01,유스,8.3
35,2020-09-01,밤쉘: 세상을 바꾼 폭탄선언,8.3
36,2020-09-01,메기,8.29
37,2020-09-01,사도,8.26
38,2020-09-01,로마 위드 러브,8.18
39,2020-09-01,야구소녀,8.12
40,2020-09-01,박열,8.1
41,2020-09-01,존 윅 - 리로드,8.05
42,2020-09-01,매치 포인트,7.97
43,2020-09-01,라붐,7.94
44,2020-09-01,그레이트 뷰티,7.92
45,2020-09-01,반교: 디텐션,7.86
46,2020-09-01,아이 엠 러브,7.85
47,2020-09-01,다만 악에서 구하소서,7.79
48,2020-09-01,카페 소사이어티,7.69
49,2020-09-01,도둑들,7.63
50,2020-09-02,가버나움,9.59
51,2020-09-02,소년시절의 너,9.37
52,2020-09-02,동주,9.37
53,2020-09-02,다시 태어나도 우리,9.35
54,2020-09-02,소원,9.32
55,2020-09-02,패왕별희 디 오리지널,9.31
56,2020-09-02,우리들,9.25
57,2020-09-02,인셉션,9.23
58,2020-09-02,톰보이,9.21
59,2020-09-02,사랑과 영혼,9.19
60,2020-09-02,제리 맥과이어,9.16
61,2020-09-02,극장판 짱구는 못말려: 신혼여행 허리케인~ 사라진 아빠!,9.05
62,2020-09-02,타오르는 여인의 초상,9.04
63,2020-09-02,박하사탕,9.04
64,2020-09-02,왕의 남자,9.04
65,2020-09-02,윤희에게,8.97
66,2020-09-02,나의 소녀시대,8.84
67,2020-09-02,아멜리에,8.82
68,2020-09-02,김복동,8.82
69,2020-09-02,메멘토,8.81
70,2020-09-02,브리짓 존스의 일기,8.68
71,2020-09-02,피아노,8.65
72,2020-09-02,베스트 오퍼,8.65
73,2020-09-02,69세,8.63
74,2020-09-02,찬실이는 복도 많지,8.63
75,2020-09-02,트로이,8.62
76,2020-09-02,라라랜드,8.61
77,2020-09-02,500일의 썸머,8.42
78,2020-09-02,테넷,8.36
79,2020-09-02,유스,8.3
80,2020-09-02,밤쉘: 세상을 바꾼 폭탄선언,8.3
81,2020-09-02,메기,8.29
82,2020-09-02,사도,8.26
83,2020-09-02,로마 위드 러브,8.18
84,2020-09-02,야구소녀,8.12
85,2020-09-02,박열,8.1
86,2020-09-02,존 윅 - 리로드,8.05
87,2020-09-02,매치 포인트,7.97
88,2020-09-02,라붐,7.94
89,2020-09-02,반교: 디텐션,7.86
90,2020-09-02,아이 엠 러브,7.84
91,2020-09-02,다만 악에서 구하소서,7.78
92,2020-09-02,카페 소사이어티,7.69
93,2020-09-02,도둑들,7.63
94,2020-09-02,오케이 마담,6.59
95,2020-09-02,삽질,6.4
96,2020-09-02,블루 아워,6.27
97,2020-09-02,반도,5.87
98,2020-09-02,강철비2: 정상회담,5.04
99,2020-09-03,가버나움,9.59
100,2020-09-03,소년시절의 너,9.37
101,2020-09-03,동주,9.37
102,2020-09-03,다시 태어나도 우리,9.35
103,2020-09-03,소원,9.32
104,2020-09-03,패왕별희 디 오리지널,9.31
105,2020-09-03,우리들,9.25
106,2020-09-03,인셉션,9.23
107,2020-09-03,톰보이,9.21
108,2020-09-03,사랑과 영혼,9.19
109,2020-09-03,제리 맥과이어,9.16
110,2020-09-03,극장판 짱구는 못말려: 신혼여행 허리케인~ 사라진 아빠!,9.06
111,2020-09-03,타오르는 여인의 초상,9.04
112,2020-09-03,박하사탕,9.04
113,2020-09-03,왕의 남자,9.04
114,2020-09-03,인생 후르츠,9.02
115,2020-09-03,윤희에게,8.97
116,2020-09-03,나의 소녀시대,8.84
117,2020-09-03,아멜리에,8.82
118,2020-09-03,김복동,8.82
119,2020-09-03,메멘토,8.81
120,2020-09-03,소공녀,8.77
121,2020-09-03,벌새,8.75
122,2020-09-03,브리짓 존스의 일기,8.68
123,2020-09-03,피아노,8.65
124,2020-09-03,찬실이는 복도 많지,8.63
125,2020-09-03,69세,8.63
126,2020-09-03,라라랜드,8.61
127,2020-09-03,기생충,8.5
128,2020-09-03,500일의 썸머,8.42
129,2020-09-03,테넷,8.34
130,2020-09-03,다가오는 것들,8.34
131,2020-09-03,유스,8.3
132,2020-09-03,밤쉘: 세상을 바꾼 폭탄선언,8.3
133,2020-09-03,메기,8.29
134,2020-09-03,사도,8.26
135,2020-09-03,로마 위드 러브,8.18
136,2020-09-03,야구소녀,8.13
137,2020-09-03,박열,8.1
138,2020-09-03,존 윅 - 리로드,8.05
139,2020-09-03,드라이브,8.05
140,2020-09-03,매치 포인트,7.97
141,2020-09-03,라붐,7.94
142,2020-09-03,그레이트 뷰티,7.92
143,2020-09-03,반교: 디텐션,7.87
144,2020-09-03,아이 엠 러브,7.84
145,2020-09-03,다만 악에서 구하소서,7.78
146,2020-09-03,카페 소사이어티,7.69
147,2020-09-03,도둑들,7.63
148,2020-09-03,오케이 마담,6.59
149,2020-09-04,가버나움,9.59
150,2020-09-04,소년시절의 너,9.38
151,2020-09-04,동주,9.37
152,2020-09-04,소원,9.32
153,2020-09-04,패왕별희 디 오리지널,9.31
154,2020-09-04,우리들,9.25
155,2020-09-04,인셉션,9.23
156,2020-09-04,톰보이,9.21
157,2020-09-04,사랑과 영혼,9.19
158,2020-09-04,제리 맥과이어,9.16
159,2020-09-04,타오르는 여인의 초상,9.04
160,2020-09-04,박하사탕,9.04
161,2020-09-04,왕의 남자,9.04
162,2020-09-04,극장판 짱구는 못말려: 신혼여행 허리케인~ 사라진 아빠!,9.03
163,2020-09-04,인생 후르츠,9.02
164,2020-09-04,윤희에게,8.97
165,2020-09-04,나의 소녀시대,8.84
166,2020-09-04,아멜리에,8.82
167,2020-09-04,김복동,8.82
168,2020-09-04,메멘토,8.82
169,2020-09-04,소공녀,8.77
170,2020-09-04,벌새,8.75
171,2020-09-04,브리짓 존스의 일기,8.68
172,2020-09-04,피아노,8.65
173,2020-09-04,찬실이는 복도 많지,8.63
174,2020-09-04,69세,8.62
175,2020-09-04,라라랜드,8.61
176,2020-09-04,기생충,8.5
177,2020-09-04,500일의 썸머,8.42
178,2020-09-04,다가오는 것들,8.34
179,2020-09-04,테넷,8.33
180,2020-09-04,유스,8.3
181,2020-09-04,밤쉘: 세상을 바꾼 폭탄선언,8.3
182,2020-09-04,메기,8.29
183,2020-09-04,사도,8.26
184,2020-09-04,로마 위드 러브,8.18
185,2020-09-04,야구소녀,8.13
186,2020-09-04,박열,8.1
187,2020-09-04,드라이브,8.04
188,2020-09-04,매치 포인트,7.97
189,2020-09-04,라붐,7.94
190,2020-09-04,그레이트 뷰티,7.93
191,2020-09-04,에곤 쉴레: 욕망이 그린 그림,7.91
192,2020-09-04,반교: 디텐션,7.87
193,2020-09-04,아이 엠 러브,7.84
194,2020-09-04,다만 악에서 구하소서,7.78
195,2020-09-04,카페 소사이어티,7.69
196,2020-09-04,도둑들,7.63
197,2020-09-04,오케이 마담,6.59
198,2020-09-04,삽질,6.4
199,2020-09-05,가버나움,9.59
200,2020-09-05,소년시절의 너,9.37
201,2020-09-05,동주,9.37
202,2020-09-05,소원,9.32
203,2020-09-05,패왕별희 디 오리지널,9.31
204,2020-09-05,우리들,9.25
205,2020-09-05,인셉션,9.23
206,2020-09-05,사랑과 영혼,9.19
207,2020-09-05,제리 맥과이어,9.16
208,2020-09-05,타오르는 여인의 초상,9.04
209,2020-09-05,왕의 남자,9.04
210,2020-09-05,윤희에게,8.98
211,2020-09-05,극장판 짱구는 못말려: 신혼여행 허리케인~ 사라진 아빠!,8.95
212,2020-09-05,나의 소녀시대,8.84
213,2020-09-05,아멜리에,8.82
214,2020-09-05,김복동,8.82
215,2020-09-05,메멘토,8.82
216,2020-09-05,소공녀,8.77
217,2020-09-05,벌새,8.75
218,2020-09-05,브리짓 존스의 일기,8.68
219,2020-09-05,피아노,8.65
220,2020-09-05,찬실이는 복도 많지,8.63
221,2020-09-05,69세,8.63
222,2020-09-05,라라랜드,8.61
223,2020-09-05,기생충,8.5
224,2020-09-05,500일의 썸머,8.42
225,2020-09-05,테넷,8.34
226,2020-09-05,다가오는 것들,8.34
227,2020-09-05,밤쉘: 세상을 바꾼 폭탄선언,8.3
228,2020-09-05,유스,8.3
229,2020-09-05,메기,8.29
230,2020-09-05,사도,8.26
231,2020-09-05,로마 위드 러브,8.18
232,2020-09-05,야구소녀,8.12
233,2020-09-05,박열,8.1
234,2020-09-05,드라이브,8.05
235,2020-09-05,매치 포인트,7.97
236,2020-09-05,라붐,7.94
237,2020-09-05,그레이트 뷰티,7.93
238,2020-09-05,에곤 쉴레: 욕망이 그린 그림,7.91
239,2020-09-05,반교: 디텐션,7.86
240,2020-09-05,아이 엠 러브,7.84
241,2020-09-05,다만 악에서 구하소서,7.78
242,2020-09-05,오! 문희,7.75
243,2020-09-05,도둑들,7.63
244,2020-09-05,오케이 마담,6.59
245,2020-09-05,삽질,6.4
246,2020-09-05,블루 아워,6.26
247,2020-09-05,반도,5.85
248,2020-09-05,강철비2: 정상회담,5.03
249,2020-09-06,가버나움,9.59
250,2020-09-06,소년시절의 너,9.38
251,2020-09-06,동주,9.37
252,2020-09-06,다시 태어나도 우리,9.35
253,2020-09-06,소원,9.32
254,2020-09-06,패왕별희 디 오리지널,9.31
255,2020-09-06,우리들,9.25
256,2020-09-06,인셉션,9.23
257,2020-09-06,사랑과 영혼,9.19
258,2020-09-06,제리 맥과이어,9.16
259,2020-09-06,타오르는 여인의 초상,9.05
260,2020-09-06,왕의 남자,9.04
261,2020-09-06,윤희에게,8.97
262,2020-09-06,극장판 짱구는 못말려: 신혼여행 허리케인~ 사라진 아빠!,8.97
263,2020-09-06,나의 소녀시대,8.84
264,2020-09-06,아멜리에,8.82
265,2020-09-06,메멘토,8.82
266,2020-09-06,소공녀,8.77
267,2020-09-06,벌새,8.75
268,2020-09-06,브리짓 존스의 일기,8.68
269,2020-09-06,피아노,8.65
270,2020-09-06,찬실이는 복도 많지,8.63
271,2020-09-06,69세,8.63
272,2020-09-06,라라랜드,8.61
273,2020-09-06,기생충,8.5
274,2020-09-06,500일의 썸머,8.42
275,2020-09-06,다가오는 것들,8.34
276,2020-09-06,밤쉘: 세상을 바꾼 폭탄선언,8.31
277,2020-09-06,테넷,8.31
278,2020-09-06,유스,8.3
279,2020-09-06,메기,8.29
280,2020-09-06,사도,8.26
281,2020-09-06,야구소녀,8.12
282,2020-09-06,박열,8.1
283,2020-09-06,드라이브,8.06
284,2020-09-06,매치 포인트,7.97
285,2020-09-06,라붐,7.94
286,2020-09-06,에곤 쉴레: 욕망이 그린 그림,7.91
287,2020-09-06,아이 엠 러브,7.84
288,2020-09-06,반교: 디텐션,7.83
289,2020-09-06,다만 악에서 구하소서,7.78
290,2020-09-06,오! 문희,7.65
291,2020-09-06,도둑들,7.63
292,2020-09-06,오케이 마담,6.59
293,2020-09-06,삽질,6.4
294,2020-09-06,블루 아워,6.26
295,2020-09-06,반도,5.85
296,2020-09-06,강철비2: 정상회담,5.03
297,2020-09-07,소년시절의 너,9.37
298,2020-09-07,동주,9.37
299,2020-09-07,다시 태어나도 우리,9.35
300,2020-09-07,소원,9.32
301,2020-09-07,패왕별희 디 오리지널,9.31
302,2020-09-07,우리들,9.25
303,2020-09-07,인셉션,9.23
304,2020-09-07,톰보이,9.21
305,2020-09-07,사랑과 영혼,9.19
306,2020-09-07,제리 맥과이어,9.16
307,2020-09-07,타오르는 여인의 초상,9.05
308,2020-09-07,왕의 남자,9.04
309,2020-09-07,윤희에게,8.97
310,2020-09-07,극장판 짱구는 못말려: 신혼여행 허리케인~ 사라진 아빠!,8.94
311,2020-09-07,나의 소녀시대,8.84
312,2020-09-07,아멜리에,8.82
313,2020-09-07,메멘토,8.82
314,2020-09-07,소공녀,8.77
315,2020-09-07,벌새,8.75
316,2020-09-07,브리짓 존스의 일기,8.68
317,2020-09-07,찬실이는 복도 많지,8.63
318,2020-09-07,69세,8.63
319,2020-09-07,라라랜드,8.61
320,2020-09-07,기생충,8.5
321,2020-09-07,500일의 썸머,8.42
322,2020-09-07,다가오는 것들,8.34
323,2020-09-07,밤쉘: 세상을 바꾼 폭탄선언,8.31
324,2020-09-07,유스,8.3
325,2020-09-07,메기,8.29
326,2020-09-07,테넷,8.29
327,2020-09-07,사도,8.26
328,2020-09-07,야구소녀,8.12
329,2020-09-07,박열,8.1
330,2020-09-07,드라이브,8.06
331,2020-09-07,라붐,7.94
332,2020-09-07,그레이트 뷰티,7.93
333,2020-09-07,에곤 쉴레: 욕망이 그린 그림,7.91
334,2020-09-07,아이 엠 러브,7.84
335,2020-09-07,반교: 디텐션,7.82
336,2020-09-07,오! 문희,7.8
337,2020-09-07,다만 악에서 구하소서,7.78
338,2020-09-07,도둑들,7.63
339,2020-09-07,오케이 마담,6.59
340,2020-09-07,삽질,6.4
341,2020-09-07,블루 아워,6.26
342,2020-09-07,반도,5.84
343,2020-09-07,강철비2: 정상회담,5.03
344,2020-09-08,동주,9.37
345,2020-09-08,소년시절의 너,9.36
346,2020-09-08,소원,9.32
347,2020-09-08,패왕별희 디 오리지널,9.31
348,2020-09-08,우리들,9.25
349,2020-09-08,인셉션,9.23
350,2020-09-08,톰보이,9.21
351,2020-09-08,사랑과 영혼,9.19
352,2020-09-08,제리 맥과이어,9.16
353,2020-09-08,타오르는 여인의 초상,9.05
354,2020-09-08,왕의 남자,9.04
355,2020-09-08,인생 후르츠,9.02
356,2020-09-08,윤희에게,8.97
357,2020-09-08,극장판 짱구는 못말려: 신혼여행 허리케인~ 사라진 아빠!,8.95
358,2020-09-08,바르다가 사랑한 얼굴들,8.89
359,2020-09-08,나의 소녀시대,8.84
360,2020-09-08,아멜리에,8.82
361,2020-09-08,메멘토,8.82
362,2020-09-08,벌새,8.75
363,2020-09-08,브리짓 존스의 일기,8.68
364,2020-09-08,찬실이는 복도 많지,8.63
365,2020-09-08,69세,8.62
366,2020-09-08,라라랜드,8.61
367,2020-09-08,기생충,8.5
368,2020-09-08,500일의 썸머,8.42
369,2020-09-08,다가오는 것들,8.34
370,2020-09-08,밤쉘: 세상을 바꾼 폭탄선언,8.31
371,2020-09-08,유스,8.3
372,2020-09-08,메기,8.29
373,2020-09-08,테넷,8.28
374,2020-09-08,사도,8.26
375,2020-09-08,야구소녀,8.12
376,2020-09-08,박열,8.1
377,2020-09-08,오! 문희,8.08
378,2020-09-08,드라이브,8.06
379,2020-09-08,라붐,7.94
380,2020-09-08,그레이트 뷰티,7.93
381,2020-09-08,아이 엠 러브,7.84
382,2020-09-08,반교: 디텐션,7.83
383,2020-09-08,다만 악에서 구하소서,7.78
384,2020-09-08,도둑들,7.63
385,2020-09-08,오케이 마담,6.59
386,2020-09-08,삽질,6.4
387,2020-09-08,블루 아워,6.25
388,2020-09-08,반도,5.84
389,2020-09-08,강철비2: 정상회담,5.03
390,2020-09-09,동주,9.37
391,2020-09-09,소년시절의 너,9.36
392,2020-09-09,다시 태어나도 우리,9.35
393,2020-09-09,소원,9.32
394,2020-09-09,패왕별희 디 오리지널,9.31
395,2020-09-09,우리들,9.25
396,2020-09-09,인셉션,9.23
397,2020-09-09,톰보이,9.21
398,2020-09-09,사랑과 영혼,9.19
399,2020-09-09,제리 맥과이어,9.16
400,2020-09-09,타오르는 여인의 초상,9.05
401,2020-09-09,왕의 남자,9.04
402,2020-09-09,인생 후르츠,9.02
403,2020-09-09,윤희에게,8.97
404,2020-09-09,극장판 짱구는 못말려: 신혼여행 허리케인~ 사라진 아빠!,8.92
405,2020-09-09,바르다가 사랑한 얼굴들,8.89
406,2020-09-09,나의 소녀시대,8.84
407,2020-09-09,아멜리에,8.82
408,2020-09-09,메멘토,8.82
409,2020-09-09,벌새,8.75
410,2020-09-09,브리짓 존스의 일기,8.67
411,2020-09-09,찬실이는 복도 많지,8.63
412,2020-09-09,69세,8.62
413,2020-09-09,라라랜드,8.61
414,2020-09-09,500일의 썸머,8.42
415,2020-09-09,밤쉘: 세상을 바꾼 폭탄선언,8.31
416,2020-09-09,유스,8.3
417,2020-09-09,메기,8.29
418,2020-09-09,테넷,8.28
419,2020-09-09,사도,8.26
420,2020-09-09,오! 문희,8.19
421,2020-09-09,야구소녀,8.13
422,2020-09-09,박열,8.1
423,2020-09-09,드라이브,8.06
424,2020-09-09,라붐,7.94
425,2020-09-09,그레이트 뷰티,7.93
426,2020-09-09,아이 엠 러브,7.84
427,2020-09-09,반교: 디텐션,7.83
428,2020-09-09,다만 악에서 구하소서,7.77
429,2020-09-09,도둑들,7.63
430,2020-09-09,오케이 마담,6.59
431,2020-09-09,삽질,6.4
432,2020-09-09,블루 아워,6.24
433,2020-09-09,반도,5.84
434,2020-09-09,강철비2: 정상회담,5.02
435,2020-09-10,동주,9.37
436,2020-09-10,소년시절의 너,9.37
437,2020-09-10,다시 태어나도 우리,9.35
438,2020-09-10,소원,9.32
439,2020-09-10,패왕별희 디 오리지널,9.31
440,2020-09-10,우리들,9.25
441,2020-09-10,인셉션,9.23
442,2020-09-10,톰보이,9.21
443,2020-09-10,사랑과 영혼,9.19
444,2020-09-10,제리 맥과이어,9.16
445,2020-09-10,타오르는 여인의 초상,9.05
446,2020-09-10,왕의 남자,9.04
447,2020-09-10,인생 후르츠,9.02
448,2020-09-10,윤희에게,8.97
449,2020-09-10,극장판 짱구는 못말려: 신혼여행 허리케인~ 사라진 아빠!,8.94
450,2020-09-10,바르다가 사랑한 얼굴들,8.89
451,2020-09-10,나의 소녀시대,8.84
452,2020-09-10,아멜리에,8.82
453,2020-09-10,메멘토,8.82
454,2020-09-10,벌새,8.75
455,2020-09-10,브리짓 존스의 일기,8.67
456,2020-09-10,찬실이는 복도 많지,8.63
457,2020-09-10,69세,8.62
458,2020-09-10,라라랜드,8.61
459,2020-09-10,500일의 썸머,8.42
460,2020-09-10,밤쉘: 세상을 바꾼 폭탄선언,8.32
461,2020-09-10,유스,8.3
462,2020-09-10,메기,8.29
463,2020-09-10,테넷,8.28
464,2020-09-10,사도,8.26
465,2020-09-10,오! 문희,8.19
466,2020-09-10,야구소녀,8.13
467,2020-09-10,박열,8.1
468,2020-09-10,드라이브,8.06
469,2020-09-10,라붐,7.94
470,2020-09-10,그레이트 뷰티,7.93
471,2020-09-10,반교: 디텐션,7.86
472,2020-09-10,다만 악에서 구하소서,7.75
473,2020-09-10,도둑들,7.63
474,2020-09-10,뉴 뮤턴트,7.35
475,2020-09-10,오케이 마담,6.58
476,2020-09-10,삽질,6.4
477,2020-09-10,블루 아워,6.24
478,2020-09-10,반도,5.83
479,2020-09-11,소년시절의 너,9.37
480,2020-09-11,동주,9.37
481,2020-09-11,다시 태어나도 우리,9.35
482,2020-09-11,소원,9.32
483,2020-09-11,패왕별희 디 오리지널,9.31
484,2020-09-11,우리들,9.25
485,2020-09-11,인셉션,9.23
486,2020-09-11,톰보이,9.21
487,2020-09-11,사랑과 영혼,9.19
488,2020-09-11,제리 맥과이어,9.16
489,2020-09-11,타오르는 여인의 초상,9.05
490,2020-09-11,왕의 남자,9.04
491,2020-09-11,인생 후르츠,9.02
492,2020-09-11,윤희에게,8.98
493,2020-09-11,극장판 짱구는 못말려: 신혼여행 허리케인~ 사라진 아빠!,8.92
494,2020-09-11,바르다가 사랑한 얼굴들,8.89
495,2020-09-11,나의 소녀시대,8.84
496,2020-09-11,아멜리에,8.82
497,2020-09-11,메멘토,8.82
498,2020-09-11,벌새,8.75
499,2020-09-11,브리짓 존스의 일기,8.67
500,2020-09-11,피아노,8.65
501,2020-09-11,찬실이는 복도 많지,8.63
502,2020-09-11,69세,8.62
503,2020-09-11,라라랜드,8.61
504,2020-09-11,500일의 썸머,8.42
505,2020-09-11,그랜드 부다페스트 호텔,8.38
506,2020-09-11,밤쉘: 세상을 바꾼 폭탄선언,8.32
507,2020-09-11,유스,8.3
508,2020-09-11,메기,8.29
509,2020-09-11,테넷,8.27
510,2020-09-11,사도,8.26
511,2020-09-11,오! 문희,8.19
512,2020-09-11,야구소녀,8.13
513,2020-09-11,박열,8.1
514,2020-09-11,드라이브,8.06
515,2020-09-11,라붐,7.94
516,2020-09-11,그레이트 뷰티,7.93
517,2020-09-11,에곤 쉴레: 욕망이 그린 그림,7.91
518,2020-09-11,반교: 디텐션,7.85
519,2020-09-11,아이 엠 러브,7.84
520,2020-09-11,북촌방향,7.8
521,2020-09-11,다만 악에서 구하소서,7.74
522,2020-09-11,자유의 언덕,7.67
523,2020-09-11,도둑들,7.63
524,2020-09-11,우리 선희,7.57
525,2020-09-11,뉴 뮤턴트,7.12
526,2020-09-11,오케이 마담,6.58
527,2020-09-11,지금은맞고그때는틀리다,6.48
528,2020-09-11,삽질,6.4
529,2020-09-12,가버나움,9.59
530,2020-09-12,소년시절의 너,9.37
531,2020-09-12,동주,9.37
532,2020-09-12,다시 태어나도 우리,9.35
533,2020-09-12,소원,9.32
534,2020-09-12,패왕별희 디 오리지널,9.31
535,2020-09-12,우리들,9.25
536,2020-09-12,인셉션,9.23
537,2020-09-12,톰보이,9.21
538,2020-09-12,사랑과 영혼,9.19
539,2020-09-12,제리 맥과이어,9.16
540,2020-09-12,타오르는 여인의 초상,9.05
541,2020-09-12,왕의 남자,9.04
542,2020-09-12,인생 후르츠,9.02
543,2020-09-12,윤희에게,8.97
544,2020-09-12,극장판 짱구는 못말려: 신혼여행 허리케인~ 사라진 아빠!,8.91
545,2020-09-12,바르다가 사랑한 얼굴들,8.89
546,2020-09-12,나의 소녀시대,8.84
547,2020-09-12,아멜리에,8.82
548,2020-09-12,메멘토,8.82
549,2020-09-12,벌새,8.75
550,2020-09-12,브리짓 존스의 일기,8.68
551,2020-09-12,피아노,8.65
552,2020-09-12,찬실이는 복도 많지,8.63
553,2020-09-12,69세,8.63
554,2020-09-12,라라랜드,8.61
555,2020-09-12,500일의 썸머,8.42
556,2020-09-12,그랜드 부다페스트 호텔,8.38
557,2020-09-12,밤쉘: 세상을 바꾼 폭탄선언,8.33
558,2020-09-12,유스,8.3
559,2020-09-12,메기,8.3
560,2020-09-12,테넷,8.27
561,2020-09-12,사도,8.26
562,2020-09-12,오! 문희,8.2
563,2020-09-12,야구소녀,8.13
564,2020-09-12,박열,8.1
565,2020-09-12,드라이브,8.06
566,2020-09-12,라붐,7.94
567,2020-09-12,그레이트 뷰티,7.93
568,2020-09-12,에곤 쉴레: 욕망이 그린 그림,7.91
569,2020-09-12,아이 엠 러브,7.85
570,2020-09-12,반교: 디텐션,7.82
571,2020-09-12,북촌방향,7.8
572,2020-09-12,다만 악에서 구하소서,7.72
573,2020-09-12,자유의 언덕,7.67
574,2020-09-12,도둑들,7.63
575,2020-09-12,우리 선희,7.57
576,2020-09-12,기기괴괴 성형수,7.29
577,2020-09-12,뉴 뮤턴트,6.98
578,2020-09-12,오케이 마담,6.59
579,2020-09-13,가버나움,9.59
580,2020-09-13,소년시절의 너,9.37
581,2020-09-13,동주,9.37
582,2020-09-13,다시 태어나도 우리,9.35
583,2020-09-13,소원,9.32
584,2020-09-13,패왕별희 디 오리지널,9.31
585,2020-09-13,우리들,9.25
586,2020-09-13,인셉션,9.23
587,2020-09-13,톰보이,9.21
588,2020-09-13,사랑과 영혼,9.18
589,2020-09-13,제리 맥과이어,9.16
590,2020-09-13,타오르는 여인의 초상,9.05
591,2020-09-13,왕의 남자,9.04
592,2020-09-13,인생 후르츠,9.02
593,2020-09-13,윤희에게,8.97
594,2020-09-13,극장판 짱구는 못말려: 신혼여행 허리케인~ 사라진 아빠!,8.91
595,2020-09-13,바르다가 사랑한 얼굴들,8.89
596,2020-09-13,나의 소녀시대,8.84
597,2020-09-13,아멜리에,8.82
598,2020-09-13,메멘토,8.82
599,2020-09-13,벌새,8.75
600,2020-09-13,브리짓 존스의 일기,8.68
601,2020-09-13,피아노,8.65
602,2020-09-13,찬실이는 복도 많지,8.63
603,2020-09-13,69세,8.63
604,2020-09-13,라라랜드,8.61
605,2020-09-13,500일의 썸머,8.42
606,2020-09-13,그랜드 부다페스트 호텔,8.38
607,2020-09-13,밤쉘: 세상을 바꾼 폭탄선언,8.33
608,2020-09-13,유스,8.3
609,2020-09-13,메기,8.3
610,2020-09-13,테넷,8.27
611,2020-09-13,사도,8.26
612,2020-09-13,오! 문희,8.18
613,2020-09-13,야구소녀,8.13
614,2020-09-13,드라이브,8.06
615,2020-09-13,라붐,7.94
616,2020-09-13,그레이트 뷰티,7.92
617,2020-09-13,에곤 쉴레: 욕망이 그린 그림,7.91
618,2020-09-13,아이 엠 러브,7.85
619,2020-09-13,반교: 디텐션,7.81
620,2020-09-13,북촌방향,7.8
621,2020-09-13,다만 악에서 구하소서,7.71
622,2020-09-13,자유의 언덕,7.67
623,2020-09-13,도둑들,7.63
624,2020-09-13,우리 선희,7.57
625,2020-09-13,기기괴괴 성형수,7.24
626,2020-09-13,뉴 뮤턴트,6.91
627,2020-09-13,오케이 마담,6.59
628,2020-09-13,지금은맞고그때는틀리다,6.48
629,2020-09-14,가버나움,9.59
630,2020-09-14,소년시절의 너,9.38
631,2020-09-14,다시 태어나도 우리,9.35
632,2020-09-14,패왕별희 디 오리지널,9.31
633,2020-09-14,우리들,9.25
634,2020-09-14,인셉션,9.23
635,2020-09-14,사랑과 영혼,9.18
636,2020-09-14,제리 맥과이어,9.16
637,2020-09-14,타오르는 여인의 초상,9.05
638,2020-09-14,왕의 남자,9.04
639,2020-09-14,인생 후르츠,9.02
640,2020-09-14,윤희에게,8.97
641,2020-09-14,극장판 짱구는 못말려: 신혼여행 허리케인~ 사라진 아빠!,8.93
642,2020-09-14,바르다가 사랑한 얼굴들,8.89
643,2020-09-14,나의 소녀시대,8.84
644,2020-09-14,아멜리에,8.82
645,2020-09-14,메멘토,8.82
646,2020-09-14,벌새,8.75
647,2020-09-14,브리짓 존스의 일기,8.68
648,2020-09-14,피아노,8.65
649,2020-09-14,찬실이는 복도 많지,8.63
650,2020-09-14,69세,8.63
651,2020-09-14,라라랜드,8.61
652,2020-09-14,캐롤,8.58
653,2020-09-14,500일의 썸머,8.42
654,2020-09-14,그랜드 부다페스트 호텔,8.38
655,2020-09-14,밤쉘: 세상을 바꾼 폭탄선언,8.34
656,2020-09-14,테넷,8.27
657,2020-09-14,사도,8.26
658,2020-09-14,오! 문희,8.17
659,2020-09-14,야구소녀,8.13
660,2020-09-14,드라이브,8.06
661,2020-09-14,라붐,7.94
662,2020-09-14,그레이트 뷰티,7.92
663,2020-09-14,에곤 쉴레: 욕망이 그린 그림,7.91
664,2020-09-14,아이 엠 러브,7.85
665,2020-09-14,반교: 디텐션,7.82
666,2020-09-14,북촌방향,7.8
667,2020-09-14,다만 악에서 구하소서,7.7
668,2020-09-14,자유의 언덕,7.67
669,2020-09-14,도둑들,7.63
670,2020-09-14,우리 선희,7.57
671,2020-09-14,기기괴괴 성형수,7.28
672,2020-09-14,뉴 뮤턴트,6.8
673,2020-09-14,누구의 딸도 아닌 해원,6.71
674,2020-09-14,오케이 마담,6.59
675,2020-09-14,지금은맞고그때는틀리다,6.48
676,2020-09-14,삽질,6.4
677,2020-09-14,블루 아워,6.25
678,2020-09-14,반도,5.83
679,2020-09-15,가버나움,9.59
680,2020-09-15,소년시절의 너,9.37
681,2020-09-15,다시 태어나도 우리,9.35
682,2020-09-15,패왕별희 디 오리지널,9.31
683,2020-09-15,우리들,9.25
684,2020-09-15,인셉션,9.23
685,2020-09-15,톰보이,9.21
686,2020-09-15,사랑과 영혼,9.18
687,2020-09-15,제리 맥과이어,9.16
688,2020-09-15,타오르는 여인의 초상,9.05
689,2020-09-15,인생 후르츠,9.02
690,2020-09-15,윤희에게,8.98
691,2020-09-15,극장판 짱구는 못말려: 신혼여행 허리케인~ 사라진 아빠!,8.93
692,2020-09-15,바르다가 사랑한 얼굴들,8.89
693,2020-09-15,나의 소녀시대,8.84
694,2020-09-15,아멜리에,8.82
695,2020-09-15,메멘토,8.82
696,2020-09-15,벌새,8.75
697,2020-09-15,브리짓 존스의 일기,8.68
698,2020-09-15,피아노,8.65
699,2020-09-15,찬실이는 복도 많지,8.64
700,2020-09-15,69세,8.63
701,2020-09-15,라라랜드,8.61
702,2020-09-15,캐롤,8.58
703,2020-09-15,500일의 썸머,8.42
704,2020-09-15,그랜드 부다페스트 호텔,8.38
705,2020-09-15,밤쉘: 세상을 바꾼 폭탄선언,8.34
706,2020-09-15,테넷,8.27
707,2020-09-15,오! 문희,8.15
708,2020-09-15,야구소녀,8.13
709,2020-09-15,드라이브,8.06
710,2020-09-15,라붐,7.94
711,2020-09-15,그레이트 뷰티,7.92
712,2020-09-15,반교: 디텐션,7.82
713,2020-09-15,북촌방향,7.81
714,2020-09-15,다만 악에서 구하소서,7.7
715,2020-09-15,자유의 언덕,7.67
716,2020-09-15,도둑들,7.63
717,2020-09-15,우리 선희,7.57
718,2020-09-15,기기괴괴 성형수,7.13
719,2020-09-15,뉴 뮤턴트,6.74
720,2020-09-15,누구의 딸도 아닌 해원,6.71
721,2020-09-15,오케이 마담,6.59
722,2020-09-15,지금은맞고그때는틀리다,6.48
723,2020-09-15,삽질,6.4
724,2020-09-15,블루 아워,6.25
725,2020-09-15,반도,5.83
726,2020-09-16,가버나움,9.59
727,2020-09-16,소년시절의 너,9.37
728,2020-09-16,다시 태어나도 우리,9.35
729,2020-09-16,패왕별희 디 오리지널,9.31
730,2020-09-16,우리들,9.25
731,2020-09-16,인셉션,9.23
732,2020-09-16,톰보이,9.21
733,2020-09-16,사랑과 영혼,9.18
734,2020-09-16,제리 맥과이어,9.16
735,2020-09-16,타오르는 여인의 초상,9.05
736,2020-09-16,인생 후르츠,9.02
737,2020-09-16,극장판 짱구는 못말려: 신혼여행 허리케인~ 사라진 아빠!,8.93
738,2020-09-16,바르다가 사랑한 얼굴들,8.89
739,2020-09-16,아멜리에,8.82
740,2020-09-16,벌새,8.75
741,2020-09-16,브리짓 존스의 일기,8.68
742,2020-09-16,찬실이는 복도 많지,8.64
743,2020-09-16,69세,8.63
744,2020-09-16,라라랜드,8.61
745,2020-09-16,캐롤,8.58
746,2020-09-16,500일의 썸머,8.42
747,2020-09-16,그랜드 부다페스트 호텔,8.38
748,2020-09-16,밤쉘: 세상을 바꾼 폭탄선언,8.34
749,2020-09-16,패터슨,8.3
750,2020-09-16,테넷,8.27
751,2020-09-16,오! 문희,8.14
752,2020-09-16,드라이브,8.06
753,2020-09-16,더 테이블,8.0
754,2020-09-16,라붐,7.94
755,2020-09-16,반교: 디텐션,7.82
756,2020-09-16,북촌방향,7.81
757,2020-09-16,다만 악에서 구하소서,7.69
758,2020-09-16,자유의 언덕,7.67
759,2020-09-16,도둑들,7.63
760,2020-09-16,우리 선희,7.57
761,2020-09-16,기기괴괴 성형수,7.01
762,2020-09-16,누구의 딸도 아닌 해원,6.71
763,2020-09-16,뉴 뮤턴트,6.69
764,2020-09-16,오케이 마담,6.59
765,2020-09-16,지금은맞고그때는틀리다,6.48
766,2020-09-16,삽질,6.4
767,2020-09-16,블루 아워,6.25
768,2020-09-16,반도,5.83
769,2020-09-17,가버나움,9.59
770,2020-09-17,소년시절의 너,9.37
771,2020-09-17,다시 태어나도 우리,9.35
772,2020-09-17,패왕별희 디 오리지널,9.31
773,2020-09-17,우리들,9.25
774,2020-09-17,인셉션,9.23
775,2020-09-17,톰보이,9.2
776,2020-09-17,사랑과 영혼,9.18
777,2020-09-17,제리 맥과이어,9.16
778,2020-09-17,타오르는 여인의 초상,9.05
779,2020-09-17,인생 후르츠,9.02
780,2020-09-17,윤희에게,8.98
781,2020-09-17,극장판 짱구는 못말려: 신혼여행 허리케인~ 사라진 아빠!,8.92
782,2020-09-17,바르다가 사랑한 얼굴들,8.89
783,2020-09-17,아멜리에,8.82
784,2020-09-17,벌새,8.75
785,2020-09-17,브리짓 존스의 일기,8.68
786,2020-09-17,찬실이는 복도 많지,8.64
787,2020-09-17,69세,8.63
788,2020-09-17,라라랜드,8.61
789,2020-09-17,캐롤,8.58
790,2020-09-17,500일의 썸머,8.42
791,2020-09-17,그랜드 부다페스트 호텔,8.38
792,2020-09-17,밤쉘: 세상을 바꾼 폭탄선언,8.35
793,2020-09-17,패터슨,8.3
794,2020-09-17,테넷,8.27
795,2020-09-17,멋진 하루,8.2
796,2020-09-17,야구소녀,8.14
797,2020-09-17,오! 문희,8.13
798,2020-09-17,드라이브,8.06
799,2020-09-17,더 테이블,8.0
800,2020-09-17,라붐,7.94
801,2020-09-17,에곤 쉴레: 욕망이 그린 그림,7.91
802,2020-09-17,반교: 디텐션,7.82
803,2020-09-17,북촌방향,7.81
804,2020-09-17,다만 악에서 구하소서,7.69
805,2020-09-17,자유의 언덕,7.67
806,2020-09-17,도둑들,7.63
807,2020-09-17,우리 선희,7.57
808,2020-09-17,기기괴괴 성형수,6.99
809,2020-09-17,누구의 딸도 아닌 해원,6.71
810,2020-09-17,뉴 뮤턴트,6.69
811,2020-09-17,오케이 마담,6.58
812,2020-09-17,지금은맞고그때는틀리다,6.48
813,2020-09-17,삽질,6.4
814,2020-09-17,반도,5.82
815,2020-09-17,뮬란,4.68
816,2020-09-18,가버나움,9.59
817,2020-09-18,소년시절의 너,9.37
818,2020-09-18,다시 태어나도 우리,9.35
819,2020-09-18,패왕별희 디 오리지널,9.31
820,2020-09-18,우리들,9.25
821,2020-09-18,인셉션,9.23
822,2020-09-18,톰보이,9.2
823,2020-09-18,사랑과 영혼,9.18
824,2020-09-18,제리 맥과이어,9.16
825,2020-09-18,타오르는 여인의 초상,9.05
826,2020-09-18,인생 후르츠,9.02
827,2020-09-18,윤희에게,8.98
828,2020-09-18,극장판 짱구는 못말려: 신혼여행 허리케인~ 사라진 아빠!,8.91
829,2020-09-18,바르다가 사랑한 얼굴들,8.89
830,2020-09-18,아멜리에,8.82
831,2020-09-18,벌새,8.75
832,2020-09-18,브리짓 존스의 일기,8.68
833,2020-09-18,찬실이는 복도 많지,8.64
834,2020-09-18,69세,8.63
835,2020-09-18,라라랜드,8.61
836,2020-09-18,캐롤,8.58
837,2020-09-18,500일의 썸머,8.42
838,2020-09-18,그랜드 부다페스트 호텔,8.38
839,2020-09-18,밤쉘: 세상을 바꾼 폭탄선언,8.35
840,2020-09-18,패터슨,8.3
841,2020-09-18,테넷,8.28
842,2020-09-18,멋진 하루,8.2
843,2020-09-18,야구소녀,8.14
844,2020-09-18,오! 문희,8.1
845,2020-09-18,드라이브,8.06
846,2020-09-18,더 테이블,8.0
847,2020-09-18,라붐,7.94
848,2020-09-18,에곤 쉴레: 욕망이 그린 그림,7.91
849,2020-09-18,반교: 디텐션,7.81
850,2020-09-18,북촌방향,7.81
851,2020-09-18,다만 악에서 구하소서,7.68
852,2020-09-18,자유의 언덕,7.67
853,2020-09-18,도둑들,7.63
854,2020-09-18,우리 선희,7.58
855,2020-09-18,기기괴괴 성형수,6.92
856,2020-09-18,누구의 딸도 아닌 해원,6.71
857,2020-09-18,뉴 뮤턴트,6.65
858,2020-09-18,오케이 마담,6.54
859,2020-09-18,지금은맞고그때는틀리다,6.48
860,2020-09-18,삽질,6.4
861,2020-09-18,반도,5.82
862,2020-09-18,뮬란,4.37
863,2020-09-19,가버나움,9.59
864,2020-09-19,소년시절의 너,9.37
865,2020-09-19,다시 태어나도 우리,9.35
866,2020-09-19,패왕별희 디 오리지널,9.31
867,2020-09-19,우리들,9.25
868,2020-09-19,인셉션,9.23
869,2020-09-19,톰보이,9.2
870,2020-09-19,사랑과 영혼,9.18
871,2020-09-19,제리 맥과이어,9.16
872,2020-09-19,타오르는 여인의 초상,9.05
873,2020-09-19,인생 후르츠,9.02
874,2020-09-19,윤희에게,8.98
875,2020-09-19,극장판 짱구는 못말려: 신혼여행 허리케인~ 사라진 아빠!,8.92
876,2020-09-19,바르다가 사랑한 얼굴들,8.89
877,2020-09-19,벌새,8.75
878,2020-09-19,브리짓 존스의 일기,8.68
879,2020-09-19,찬실이는 복도 많지,8.64
880,2020-09-19,69세,8.63
881,2020-09-19,라라랜드,8.61
882,2020-09-19,캐롤,8.58
883,2020-09-19,500일의 썸머,8.42
884,2020-09-19,그랜드 부다페스트 호텔,8.38
885,2020-09-19,밤쉘: 세상을 바꾼 폭탄선언,8.35
886,2020-09-19,패터슨,8.3
887,2020-09-19,테넷,8.27
888,2020-09-19,멋진 하루,8.2
889,2020-09-19,야구소녀,8.14
890,2020-09-19,오! 문희,8.08
891,2020-09-19,드라이브,8.05
892,2020-09-19,더 테이블,8.0
893,2020-09-19,라붐,7.94
894,2020-09-19,에곤 쉴레: 욕망이 그린 그림,7.91
895,2020-09-19,반교: 디텐션,7.81
896,2020-09-19,북촌방향,7.81
897,2020-09-19,다만 악에서 구하소서,7.68
898,2020-09-19,자유의 언덕,7.67
899,2020-09-19,도둑들,7.63
900,2020-09-19,우리 선희,7.58
901,2020-09-19,기기괴괴 성형수,6.91
902,2020-09-19,누구의 딸도 아닌 해원,6.71
903,2020-09-19,뉴 뮤턴트,6.64
904,2020-09-19,오케이 마담,6.49
905,2020-09-19,지금은맞고그때는틀리다,6.48
906,2020-09-19,반도,5.82
907,2020-09-19,뮬란,4.44
908,2020-09-20,가버나움,9.59
909,2020-09-20,소년시절의 너,9.37
910,2020-09-20,다시 태어나도 우리,9.35
911,2020-09-20,패왕별희 디 오리지널,9.31
912,2020-09-20,우리들,9.25
913,2020-09-20,인셉션,9.23
914,2020-09-20,톰보이,9.2
915,2020-09-20,사랑과 영혼,9.19
916,2020-09-20,제리 맥과이어,9.16
917,2020-09-20,타오르는 여인의 초상,9.05
918,2020-09-20,인생 후르츠,9.02
919,2020-09-20,윤희에게,8.98
920,2020-09-20,극장판 짱구는 못말려: 신혼여행 허리케인~ 사라진 아빠!,8.94
921,2020-09-20,바르다가 사랑한 얼굴들,8.89
922,2020-09-20,벌새,8.75
923,2020-09-20,브리짓 존스의 일기,8.68
924,2020-09-20,찬실이는 복도 많지,8.64
925,2020-09-20,69세,8.63
926,2020-09-20,라라랜드,8.61
927,2020-09-20,캐롤,8.58
928,2020-09-20,500일의 썸머,8.42
929,2020-09-20,그랜드 부다페스트 호텔,8.38
930,2020-09-20,밤쉘: 세상을 바꾼 폭탄선언,8.34
931,2020-09-20,패터슨,8.3
932,2020-09-20,테넷,8.27
933,2020-09-20,멋진 하루,8.2
934,2020-09-20,야구소녀,8.15
935,2020-09-20,오! 문희,8.1
936,2020-09-20,드라이브,8.06
937,2020-09-20,더 테이블,8.0
938,2020-09-20,라붐,7.95
939,2020-09-20,에곤 쉴레: 욕망이 그린 그림,7.91
940,2020-09-20,북촌방향,7.81
941,2020-09-20,반교: 디텐션,7.78
942,2020-09-20,다만 악에서 구하소서,7.68
943,2020-09-20,자유의 언덕,7.67
944,2020-09-20,도둑들,7.63
945,2020-09-20,우리 선희,7.58
946,2020-09-20,기기괴괴 성형수,6.95
947,2020-09-20,누구의 딸도 아닌 해원,6.71
948,2020-09-20,뉴 뮤턴트,6.63
949,2020-09-20,지금은맞고그때는틀리다,6.48
950,2020-09-20,오케이 마담,6.46
951,2020-09-20,반도,5.82
952,2020-09-20,뮬란,4.52
953,2020-09-21,가버나움,9.59
954,2020-09-21,소년시절의 너,9.38
955,2020-09-21,다시 태어나도 우리,9.35
956,2020-09-21,패왕별희 디 오리지널,9.31
957,2020-09-21,우리들,9.25
958,2020-09-21,인셉션,9.23
959,2020-09-21,사랑과 영혼,9.19
960,2020-09-21,제리 맥과이어,9.16
961,2020-09-21,타오르는 여인의 초상,9.05
962,2020-09-21,인생 후르츠,9.02
963,2020-09-21,윤희에게,8.98
964,2020-09-21,극장판 짱구는 못말려: 신혼여행 허리케인~ 사라진 아빠!,8.93
965,2020-09-21,바르다가 사랑한 얼굴들,8.89
966,2020-09-21,벌새,8.75
967,2020-09-21,브리짓 존스의 일기,8.68
968,2020-09-21,찬실이는 복도 많지,8.64
969,2020-09-21,69세,8.63
970,2020-09-21,라라랜드,8.61
971,2020-09-21,캐롤,8.58
972,2020-09-21,500일의 썸머,8.42
973,2020-09-21,밤쉘: 세상을 바꾼 폭탄선언,8.34
974,2020-09-21,패터슨,8.3
975,2020-09-21,테넷,8.27
976,2020-09-21,멋진 하루,8.2
977,2020-09-21,야구소녀,8.14
978,2020-09-21,오! 문희,8.09
979,2020-09-21,드라이브,8.06
980,2020-09-21,더 테이블,8.0
981,2020-09-21,라붐,7.95
982,2020-09-21,에곤 쉴레: 욕망이 그린 그림,7.91
983,2020-09-21,북촌방향,7.81
984,2020-09-21,반교: 디텐션,7.8
985,2020-09-21,자유의 언덕,7.67
986,2020-09-21,다만 악에서 구하소서,7.67
987,2020-09-21,도둑들,7.63
988,2020-09-21,우리 선희,7.58
989,2020-09-21,기기괴괴 성형수,6.9
990,2020-09-21,누구의 딸도 아닌 해원,6.71
991,2020-09-21,뉴 뮤턴트,6.63
992,2020-09-21,지금은맞고그때는틀리다,6.48
993,2020-09-21,오케이 마담,6.45
994,2020-09-21,반도,5.82
995,2020-09-21,뮬란,4.46
996,2020-09-22,가버나움,9.59
997,2020-09-22,소년시절의 너,9.38
998,2020-09-22,다시 태어나도 우리,9.35
999,2020-09-22,패왕별희 디 오리지널,9.31
1000,2020-09-22,우리들,9.25
1001,2020-09-22,사랑과 영혼,9.19
1002,2020-09-22,제리 맥과이어,9.16
1003,2020-09-22,타오르는 여인의 초상,9.05
1004,2020-09-22,인생 후르츠,9.02
1005,2020-09-22,윤희에게,8.98
1006,2020-09-22,극장판 짱구는 못말려: 신혼여행 허리케인~ 사라진 아빠!,8.93
1007,2020-09-22,바르다가 사랑한 얼굴들,8.89
1008,2020-09-22,벌새,8.75
1009,2020-09-22,브리짓 존스의 일기,8.68
1010,2020-09-22,찬실이는 복도 많지,8.64
1011,2020-09-22,69세,8.63
1012,2020-09-22,라라랜드,8.61
1013,2020-09-22,캐롤,8.58
1014,2020-09-22,500일의 썸머,8.42
1015,2020-09-22,밤쉘: 세상을 바꾼 폭탄선언,8.34
1016,2020-09-22,패터슨,8.3
1017,2020-09-22,메기,8.29
1018,2020-09-22,테넷,8.26
1019,2020-09-22,멋진 하루,8.2
1020,2020-09-22,야구소녀,8.14
1021,2020-09-22,오! 문희,8.09
1022,2020-09-22,드라이브,8.06
1023,2020-09-22,더 테이블,8.0
1024,2020-09-22,라붐,7.95
1025,2020-09-22,북촌방향,7.81
1026,2020-09-22,반교: 디텐션,7.8
1027,2020-09-22,다만 악에서 구하소서,7.67
1028,2020-09-22,도둑들,7.63
1029,2020-09-22,우리 선희,7.58
1030,2020-09-22,기기괴괴 성형수,6.93
1031,2020-09-22,누구의 딸도 아닌 해원,6.71
1032,2020-09-22,뉴 뮤턴트,6.63
1033,2020-09-22,지금은맞고그때는틀리다,6.48
1034,2020-09-22,오케이 마담,6.43
1035,2020-09-22,삽질,6.4
1036,2020-09-22,반도,5.82
1037,2020-09-22,뮬란,4.52
1038,2020-09-23,가버나움,9.59
1039,2020-09-23,소년시절의 너,9.38
1040,2020-09-23,패왕별희 디 오리지널,9.31
1041,2020-09-23,사랑과 영혼,9.19
1042,2020-09-23,제리 맥과이어,9.16
1043,2020-09-23,타오르는 여인의 초상,9.05
1044,2020-09-23,극장판 짱구는 못말려: 신혼여행 허리케인~ 사라진 아빠!,8.93
1045,2020-09-23,바르다가 사랑한 얼굴들,8.89
1046,2020-09-23,천로역정: 천국을 찾아서,8.82
1047,2020-09-23,브리짓 존스의 일기,8.68
1048,2020-09-23,69세,8.63
1049,2020-09-23,라라랜드,8.61
1050,2020-09-23,캐롤,8.58
1051,2020-09-23,500일의 썸머,8.42
1052,2020-09-23,밤쉘: 세상을 바꾼 폭탄선언,8.34
1053,2020-09-23,패터슨,8.3
1054,2020-09-23,메기,8.29
1055,2020-09-23,테넷,8.26
1056,2020-09-23,멋진 하루,8.2
1057,2020-09-23,오! 문희,8.08
1058,2020-09-23,드라이브,8.06
1059,2020-09-23,더 테이블,8.0
1060,2020-09-23,라붐,7.95
1061,2020-09-23,에곤 쉴레: 욕망이 그린 그림,7.91
1062,2020-09-23,북촌방향,7.81
1063,2020-09-23,반교: 디텐션,7.81
1064,2020-09-23,다만 악에서 구하소서,7.67
1065,2020-09-23,도둑들,7.63
1066,2020-09-23,우리 선희,7.58
1067,2020-09-23,기기괴괴 성형수,6.95
1068,2020-09-23,누구의 딸도 아닌 해원,6.71
1069,2020-09-23,뉴 뮤턴트,6.63
1070,2020-09-23,지금은맞고그때는틀리다,6.48
1071,2020-09-23,오케이 마담,6.42
1072,2020-09-23,삽질,6.4
1073,2020-09-23,뮬란,4.47
1074,2020-09-24,가버나움,9.59
1075,2020-09-24,소년시절의 너,9.38
1076,2020-09-24,패왕별희 디 오리지널,9.31
1077,2020-09-24,러브 앳,9.24
1078,2020-09-24,사랑과 영혼,9.19
1079,2020-09-24,제리 맥과이어,9.16
1080,2020-09-24,타오르는 여인의 초상,9.05
1081,2020-09-24,타샤 튜더,9.03
1082,2020-09-24,극장판 짱구는 못말려: 신혼여행 허리케인~ 사라진 아빠!,8.92
1083,2020-09-24,바르다가 사랑한 얼굴들,8.89
1084,2020-09-24,천로역정: 천국을 찾아서,8.82
1085,2020-09-24,브리짓 존스의 일기,8.68
1086,2020-09-24,69세,8.63
1087,2020-09-24,라라랜드,8.61
1088,2020-09-24,캐롤,8.58
1089,2020-09-24,렛 미 인,8.52
1090,2020-09-24,아무르,8.48
1091,2020-09-24,보리밭을 흔드는 바람,8.46
1092,2020-09-24,500일의 썸머,8.42
1093,2020-09-24,리스본행 야간열차,8.31
1094,2020-09-24,패터슨,8.3
1095,2020-09-24,메기,8.29
1096,2020-09-24,테넷,8.27
1097,2020-09-24,멋진 하루,8.2
1098,2020-09-24,경계선,8.17
1099,2020-09-24,프란시스 하,8.12
1100,2020-09-24,나의 산티아고,8.1
1101,2020-09-24,오! 문희,8.08
1102,2020-09-24,위크엔드 인 파리,8.06
1103,2020-09-24,드라이브,8.06
1104,2020-09-24,더 테이블,8.0
1105,2020-09-24,라붐,7.95
1106,2020-09-24,에곤 쉴레: 욕망이 그린 그림,7.91
1107,2020-09-24,북촌방향,7.81
1108,2020-09-24,반교: 디텐션,7.81
1109,2020-09-24,다만 악에서 구하소서,7.67
1110,2020-09-24,도둑들,7.63
1111,2020-09-24,우리 선희,7.58
1112,2020-09-24,홀리 모터스,7.52
1113,2020-09-24,퍼스널 쇼퍼,6.96
1114,2020-09-24,기기괴괴 성형수,6.96
1115,2020-09-24,누구의 딸도 아닌 해원,6.71
1116,2020-09-24,뉴 뮤턴트,6.63
1117,2020-09-24,지금은맞고그때는틀리다,6.48
1118,2020-09-24,오케이 마담,6.41
1119,2020-09-24,반도,5.82
1120,2020-09-24,강철비2: 정상회담,5.02
1121,2020-09-24,뮬란,4.42
1122,2020-09-25,가버나움,9.59
1123,2020-09-25,소년시절의 너,9.38
1124,2020-09-25,패왕별희 디 오리지널,9.31
1125,2020-09-25,피아니스트의 전설,9.25
1126,2020-09-25,러브 앳,9.24
1127,2020-09-25,사랑과 영혼,9.19
1128,2020-09-25,제리 맥과이어,9.16
1129,2020-09-25,타오르는 여인의 초상,9.05
1130,2020-09-25,타샤 튜더,9.03
1131,2020-09-25,비투스,8.94
1132,2020-09-25,극장판 짱구는 못말려: 신혼여행 허리케인~ 사라진 아빠!,8.92
1133,2020-09-25,바르다가 사랑한 얼굴들,8.89
1134,2020-09-25,천로역정: 천국을 찾아서,8.82
1135,2020-09-25,브리짓 존스의 일기,8.68
1136,2020-09-25,69세,8.63
1137,2020-09-25,라라랜드,8.61
1138,2020-09-25,캐롤,8.58
1139,2020-09-25,렛 미 인,8.52
1140,2020-09-25,아무르,8.48
1141,2020-09-25,보리밭을 흔드는 바람,8.46
1142,2020-09-25,500일의 썸머,8.42
1143,2020-09-25,리스본행 야간열차,8.31
1144,2020-09-25,패터슨,8.3
1145,2020-09-25,메기,8.29
1146,2020-09-25,테넷,8.27
1147,2020-09-25,검객,8.23
1148,2020-09-25,멋진 하루,8.2
1149,2020-09-25,경계선,8.17
1150,2020-09-25,프란시스 하,8.12
1151,2020-09-25,나의 산티아고,8.1
1152,2020-09-25,오! 문희,8.06
1153,2020-09-25,드라이브,8.06
1154,2020-09-25,위크엔드 인 파리,8.06
1155,2020-09-25,더 테이블,8.0
1156,2020-09-25,라붐,7.95
1157,2020-09-25,에곤 쉴레: 욕망이 그린 그림,7.91
1158,2020-09-25,북촌방향,7.81
1159,2020-09-25,반교: 디텐션,7.81
1160,2020-09-25,다만 악에서 구하소서,7.67
1161,2020-09-25,도둑들,7.63
1162,2020-09-25,홀리 모터스,7.52
1163,2020-09-25,퍼스널 쇼퍼,6.96
1164,2020-09-25,기기괴괴 성형수,6.96
1165,2020-09-25,디바,6.78
1166,2020-09-25,누구의 딸도 아닌 해원,6.71
1167,2020-09-25,뉴 뮤턴트,6.63
1168,2020-09-25,지금은맞고그때는틀리다,6.48
1169,2020-09-25,오케이 마담,6.41
1170,2020-09-25,반도,5.81
1171,2020-09-25,강철비2: 정상회담,5.02
1172,2020-09-26,가버나움,9.59
1173,2020-09-26,소년시절의 너,9.38
1174,2020-09-26,패왕별희 디 오리지널,9.31
1175,2020-09-26,피아니스트의 전설,9.25
1176,2020-09-26,러브 앳,9.24
1177,2020-09-26,사랑과 영혼,9.19
1178,2020-09-26,제리 맥과이어,9.16
1179,2020-09-26,타오르는 여인의 초상,9.05
1180,2020-09-26,타샤 튜더,9.03
1181,2020-09-26,비투스,8.94
1182,2020-09-26,극장판 짱구는 못말려: 신혼여행 허리케인~ 사라진 아빠!,8.93
1183,2020-09-26,바르다가 사랑한 얼굴들,8.89
1184,2020-09-26,천로역정: 천국을 찾아서,8.82
1185,2020-09-26,브리짓 존스의 일기,8.68
1186,2020-09-26,69세,8.63
1187,2020-09-26,라라랜드,8.61
1188,2020-09-26,캐롤,8.58
1189,2020-09-26,렛 미 인,8.52
1190,2020-09-26,아무르,8.48
1191,2020-09-26,보리밭을 흔드는 바람,8.46
1192,2020-09-26,500일의 썸머,8.42
1193,2020-09-26,리스본행 야간열차,8.31
1194,2020-09-26,패터슨,8.3
1195,2020-09-26,메기,8.29
1196,2020-09-26,테넷,8.26
1197,2020-09-26,검객,8.21
1198,2020-09-26,멋진 하루,8.2
1199,2020-09-26,경계선,8.17
1200,2020-09-26,프란시스 하,8.12
1201,2020-09-26,나의 산티아고,8.1
1202,2020-09-26,오! 문희,8.07
1203,2020-09-26,드라이브,8.06
1204,2020-09-26,위크엔드 인 파리,8.06
1205,2020-09-26,더 테이블,8.0
1206,2020-09-26,라붐,7.95
1207,2020-09-26,에곤 쉴레: 욕망이 그린 그림,7.91
1208,2020-09-26,반교: 디텐션,7.84
1209,2020-09-26,북촌방향,7.81
1210,2020-09-26,다만 악에서 구하소서,7.66
1211,2020-09-26,홀리 모터스,7.52
1212,2020-09-26,기기괴괴 성형수,6.96
1213,2020-09-26,퍼스널 쇼퍼,6.96
1214,2020-09-26,누구의 딸도 아닌 해원,6.71
1215,2020-09-26,뉴 뮤턴트,6.64
1216,2020-09-26,디바,6.6
1217,2020-09-26,지금은맞고그때는틀리다,6.48
1218,2020-09-26,오케이 마담,6.39
1219,2020-09-26,반도,5.81
1220,2020-09-26,강철비2: 정상회담,5.02
1221,2020-09-26,뮬란,4.39
1222,2020-09-27,가버나움,9.59
1223,2020-09-27,소년시절의 너,9.39
1224,2020-09-27,브레이크 더 사일런스: 더 무비,9.36
1225,2020-09-27,패왕별희 디 오리지널,9.31
1226,2020-09-27,피아니스트의 전설,9.25
1227,2020-09-27,러브 앳,9.24
1228,2020-09-27,사랑과 영혼,9.19
1229,2020-09-27,제리 맥과이어,9.16
1230,2020-09-27,타오르는 여인의 초상,9.05
1231,2020-09-27,타샤 튜더,9.03
1232,2020-09-27,비투스,8.94
1233,2020-09-27,극장판 짱구는 못말려: 신혼여행 허리케인~ 사라진 아빠!,8.93
1234,2020-09-27,바르다가 사랑한 얼굴들,8.89
1235,2020-09-27,천로역정: 천국을 찾아서,8.82
1236,2020-09-27,브리짓 존스의 일기,8.68
1237,2020-09-27,69세,8.63
1238,2020-09-27,라라랜드,8.61
1239,2020-09-27,렛 미 인,8.52
1240,2020-09-27,아무르,8.48
1241,2020-09-27,보리밭을 흔드는 바람,8.46
1242,2020-09-27,500일의 썸머,8.42
1243,2020-09-27,검객,8.38
1244,2020-09-27,리스본행 야간열차,8.31
1245,2020-09-27,패터슨,8.3
1246,2020-09-27,메기,8.29
1247,2020-09-27,테넷,8.26
1248,2020-09-27,멋진 하루,8.2
1249,2020-09-27,경계선,8.17
1250,2020-09-27,프란시스 하,8.12
1251,2020-09-27,나의 산티아고,8.1
1252,2020-09-27,드라이브,8.06
1253,2020-09-27,위크엔드 인 파리,8.06
1254,2020-09-27,오! 문희,8.05
1255,2020-09-27,더 테이블,8.0
1256,2020-09-27,라붐,7.95
1257,2020-09-27,에곤 쉴레: 욕망이 그린 그림,7.91
1258,2020-09-27,반교: 디텐션,7.81
1259,2020-09-27,북촌방향,7.81
1260,2020-09-27,다만 악에서 구하소서,7.66
1261,2020-09-27,홀리 모터스,7.52
1262,2020-09-27,퍼스널 쇼퍼,6.96
1263,2020-09-27,기기괴괴 성형수,6.95
1264,2020-09-27,누구의 딸도 아닌 해원,6.71
1265,2020-09-27,뉴 뮤턴트,6.64
1266,2020-09-27,디바,6.58
1267,2020-09-27,지금은맞고그때는틀리다,6.48
1268,2020-09-27,오케이 마담,6.38
1269,2020-09-27,반도,5.81
1270,2020-09-27,강철비2: 정상회담,5.02
1271,2020-09-27,뮬란,4.38
1272,2020-09-28,소년시절의 너,9.39
1273,2020-09-28,브레이크 더 사일런스: 더 무비,9.36
1274,2020-09-28,패왕별희 디 오리지널,9.31
1275,2020-09-28,러브 앳,9.24
1276,2020-09-28,사랑과 영혼,9.19
1277,2020-09-28,제리 맥과이어,9.16
1278,2020-09-28,타오르는 여인의 초상,9.05
1279,2020-09-28,타샤 튜더,9.03
1280,2020-09-28,비투스,8.94
1281,2020-09-28,극장판 짱구는 못말려: 신혼여행 허리케인~ 사라진 아빠!,8.93
1282,2020-09-28,브리짓 존스의 일기,8.68
1283,2020-09-28,69세,8.63
1284,2020-09-28,라라랜드,8.61
1285,2020-09-28,렛 미 인,8.52
1286,2020-09-28,아무르,8.48
1287,2020-09-28,보리밭을 흔드는 바람,8.46
1288,2020-09-28,레토,8.44
1289,2020-09-28,500일의 썸머,8.42
1290,2020-09-28,리스본행 야간열차,8.31
1291,2020-09-28,메기,8.29
1292,2020-09-28,검객,8.29
1293,2020-09-28,테넷,8.26
1294,2020-09-28,경계선,8.17
1295,2020-09-28,폭스캐처,8.16
1296,2020-09-28,프란시스 하,8.13
1297,2020-09-28,나의 산티아고,8.1
1298,2020-09-28,드라이브,8.06
1299,2020-09-28,위크엔드 인 파리,8.06
1300,2020-09-28,오! 문희,8.02
1301,2020-09-28,마스터,7.95
1302,2020-09-28,라붐,7.95
1303,2020-09-28,에곤 쉴레: 욕망이 그린 그림,7.91
1304,2020-09-28,반교: 디텐션,7.82
1305,2020-09-28,북촌방향,7.81
1306,2020-09-28,다만 악에서 구하소서,7.66
1307,2020-09-28,홀리 모터스,7.52
1308,2020-09-28,퍼스널 쇼퍼,6.96
1309,2020-09-28,기기괴괴 성형수,6.95
1310,2020-09-28,누구의 딸도 아닌 해원,6.71
1311,2020-09-28,뉴 뮤턴트,6.64
1312,2020-09-28,디바,6.52
1313,2020-09-28,지금은맞고그때는틀리다,6.48
1314,2020-09-28,오케이 마담,6.38
1315,2020-09-28,강철비2: 정상회담,5.02
1316,2020-09-28,뮬란,4.36
1317,2020-09-29,소년시절의 너,9.39
1318,2020-09-29,브레이크 더 사일런스: 더 무비,9.31
1319,2020-09-29,러브 앳,9.24
1320,2020-09-29,톰보이,9.2
1321,2020-09-29,사랑과 영혼,9.19
1322,2020-09-29,제리 맥과이어,9.16
1323,2020-09-29,샤인,9.08
1324,2020-09-29,타오르는 여인의 초상,9.05
1325,2020-09-29,타샤 튜더,9.03
1326,2020-09-29,비투스,8.94
1327,2020-09-29,극장판 짱구는 못말려: 신혼여행 허리케인~ 사라진 아빠!,8.93
1328,2020-09-29,브리짓 존스의 일기,8.68
1329,2020-09-29,69세,8.63
1330,2020-09-29,라라랜드,8.61
1331,2020-09-29,렛 미 인,8.52
1332,2020-09-29,레이디 버드,8.5
1333,2020-09-29,아무르,8.48
1334,2020-09-29,보리밭을 흔드는 바람,8.46
1335,2020-09-29,레토,8.44
1336,2020-09-29,500일의 썸머,8.42
1337,2020-09-29,검객,8.34
1338,2020-09-29,리스본행 야간열차,8.31
1339,2020-09-29,메기,8.29
1340,2020-09-29,테넷,8.26
1341,2020-09-29,피터와 드래곤,8.25
1342,2020-09-29,경계선,8.17
1343,2020-09-29,폭스캐처,8.16
1344,2020-09-29,프란시스 하,8.13
1345,2020-09-29,나의 산티아고,8.1
1346,2020-09-29,드라이브,8.06
1347,2020-09-29,위크엔드 인 파리,8.06
1348,2020-09-29,오! 문희,8.0
1349,2020-09-29,마스터,7.95
1350,2020-09-29,라붐,7.94
1351,2020-09-29,반교: 디텐션,7.82
1352,2020-09-29,북촌방향,7.81
1353,2020-09-29,다만 악에서 구하소서,7.66
1354,2020-09-29,홀리 모터스,7.52
1355,2020-09-29,퍼스널 쇼퍼,6.97
1356,2020-09-29,기기괴괴 성형수,6.95
1357,2020-09-29,누구의 딸도 아닌 해원,6.71
1358,2020-09-29,뉴 뮤턴트,6.63
1359,2020-09-29,디바,6.6
1360,2020-09-29,지금은맞고그때는틀리다,6.48
1361,2020-09-29,오케이 마담,6.37
1362,2020-09-29,강철비2: 정상회담,5.02
1363,2020-09-29,국제수사,4.93
1364,2020-09-29,뮬란,4.34
1365,2020-09-30,소년시절의 너,9.39
1366,2020-09-30,브레이크 더 사일런스: 더 무비,9.33
1367,2020-09-30,러브 앳,9.24
1368,2020-09-30,톰보이,9.2
1369,2020-09-30,사랑과 영혼,9.19
1370,2020-09-30,제리 맥과이어,9.16
1371,2020-09-30,샤인,9.08
1372,2020-09-30,아웃포스트,9.07
1373,2020-09-30,타오르는 여인의 초상,9.05
1374,2020-09-30,타샤 튜더,9.03
1375,2020-09-30,비투스,8.94
1376,2020-09-30,극장판 짱구는 못말려: 신혼여행 허리케인~ 사라진 아빠!,8.93
1377,2020-09-30,담보,8.9
1378,2020-09-30,너의 이름은.,8.78
1379,2020-09-30,브리짓 존스의 일기,8.68
1380,2020-09-30,69세,8.63
1381,2020-09-30,라라랜드,8.61
1382,2020-09-30,렛 미 인,8.52
1383,2020-09-30,레이디 버드,8.5
1384,2020-09-30,아무르,8.48
1385,2020-09-30,보리밭을 흔드는 바람,8.46
1386,2020-09-30,레토,8.44
1387,2020-09-30,500일의 썸머,8.42
1388,2020-09-30,검객,8.32
1389,2020-09-30,리스본행 야간열차,8.31
1390,2020-09-30,미스터 노바디,8.31
1391,2020-09-30,메기,8.29
1392,2020-09-30,테넷,8.26
1393,2020-09-30,피터와 드래곤,8.25
1394,2020-09-30,경계선,8.17
1395,2020-09-30,폭스캐처,8.16
1396,2020-09-30,프란시스 하,8.13
1397,2020-09-30,나의 산티아고,8.1
1398,2020-09-30,드라이브,8.06
1399,2020-09-30,위크엔드 인 파리,8.06
1400,2020-09-30,오! 문희,7.97
1401,2020-09-30,날씨의 아이,7.97
1402,2020-09-30,마스터,7.95
1403,2020-09-30,라붐,7.94
1404,2020-09-30,반교: 디텐션,7.83
1405,2020-09-30,다만 악에서 구하소서,7.66
1406,2020-09-30,홀리 모터스,7.52
1407,2020-09-30,죽지않는 인간들의 밤,7.29
1408,2020-09-30,그린랜드,7.15
1409,2020-09-30,퍼스널 쇼퍼,6.95
1410,2020-09-30,기기괴괴 성형수,6.94
1411,2020-09-30,디바,6.63
1412,2020-09-30,오케이 마담,6.35
1413,2020-09-30,강철비2: 정상회담,5.02
1414,2020-09-30,뮬란,4.32
1415,2020-10-01,소년시절의 너,9.39
1416,2020-10-01,브레이크 더 사일런스: 더 무비,9.34
1417,2020-10-01,러브 앳,9.24
1418,2020-10-01,톰보이,9.2
1419,2020-10-01,사랑과 영혼,9.19
1420,2020-10-01,제리 맥과이어,9.16
1421,2020-10-01,아웃포스트,9.1
1422,2020-10-01,샤인,9.08
1423,2020-10-01,타오르는 여인의 초상,9.05
1424,2020-10-01,타샤 튜더,9.03
1425,2020-10-01,비투스,8.94
1426,2020-10-01,극장판 짱구는 못말려: 신혼여행 허리케인~ 사라진 아빠!,8.93
1427,2020-10-01,담보,8.92
1428,2020-10-01,너의 이름은.,8.78
1429,2020-10-01,브리짓 존스의 일기,8.68
1430,2020-10-01,69세,8.63
1431,2020-10-01,라라랜드,8.61
1432,2020-10-01,렛 미 인,8.52
1433,2020-10-01,레이디 버드,8.5
1434,2020-10-01,아무르,8.48
1435,2020-10-01,보리밭을 흔드는 바람,8.46
1436,2020-10-01,레토,8.44
1437,2020-10-01,500일의 썸머,8.42
1438,2020-10-01,검객,8.32
1439,2020-10-01,리스본행 야간열차,8.31
1440,2020-10-01,미스터 노바디,8.31
1441,2020-10-01,메기,8.3
1442,2020-10-01,테넷,8.26
1443,2020-10-01,피터와 드래곤,8.25
1444,2020-10-01,경계선,8.17
1445,2020-10-01,폭스캐처,8.16
1446,2020-10-01,프란시스 하,8.13
1447,2020-10-01,나의 산티아고,8.1
1448,2020-10-01,드라이브,8.06
1449,2020-10-01,위크엔드 인 파리,8.06
1450,2020-10-01,날씨의 아이,7.97
1451,2020-10-01,마스터,7.95
1452,2020-10-01,라붐,7.94
1453,2020-10-01,오! 문희,7.92
1454,2020-10-01,반교: 디텐션,7.82
1455,2020-10-01,다만 악에서 구하소서,7.66
1456,2020-10-01,홀리 모터스,7.52
1457,2020-10-01,죽지않는 인간들의 밤,7.05
1458,2020-10-01,그린랜드,7.01
1459,2020-10-01,퍼스널 쇼퍼,6.95
1460,2020-10-01,기기괴괴 성형수,6.93
1461,2020-10-01,디바,6.66
1462,2020-10-01,오케이 마담,6.34
1463,2020-10-01,강철비2: 정상회담,5.02
1464,2020-10-01,뮬란,4.32
1465,2020-10-02,소년시절의 너,9.4
1466,2020-10-02,브레이크 더 사일런스: 더 무비,9.31
1467,2020-10-02,러브 앳,9.24
1468,2020-10-02,톰보이,9.2
1469,2020-10-02,사랑과 영혼,9.19
1470,2020-10-02,제리 맥과이어,9.16
1471,2020-10-02,아웃포스트,9.09
1472,2020-10-02,샤인,9.08
1473,2020-10-02,타오르는 여인의 초상,9.05
1474,2020-10-02,타샤 튜더,9.03
1475,2020-10-02,담보,9.0
1476,2020-10-02,극장판 짱구는 못말려: 신혼여행 허리케인~ 사라진 아빠!,8.94
1477,2020-10-02,비투스,8.94
1478,2020-10-02,너의 이름은.,8.78
1479,2020-10-02,브리짓 존스의 일기,8.68
1480,2020-10-02,69세,8.63
1481,2020-10-02,라라랜드,8.61
1482,2020-10-02,렛 미 인,8.52
1483,2020-10-02,레이디 버드,8.5
1484,2020-10-02,아무르,8.48
1485,2020-10-02,보리밭을 흔드는 바람,8.46
1486,2020-10-02,레토,8.44
1487,2020-10-02,500일의 썸머,8.42
1488,2020-10-02,검객,8.32
1489,2020-10-02,리스본행 야간열차,8.31
1490,2020-10-02,미스터 노바디,8.31
1491,2020-10-02,메기,8.29
1492,2020-10-02,테넷,8.26
1493,2020-10-02,피터와 드래곤,8.25
1494,2020-10-02,경계선,8.17
1495,2020-10-02,폭스캐처,8.16
1496,2020-10-02,프란시스 하,8.13
1497,2020-10-02,나의 산티아고,8.1
1498,2020-10-02,위크엔드 인 파리,8.06
1499,2020-10-02,드라이브,8.06
1500,2020-10-02,날씨의 아이,7.97
1501,2020-10-02,마스터,7.95
1502,2020-10-02,라붐,7.94
1503,2020-10-02,오! 문희,7.93
1504,2020-10-02,반교: 디텐션,7.82
1505,2020-10-02,다만 악에서 구하소서,7.65
1506,2020-10-02,홀리 모터스,7.52
1507,2020-10-02,그린랜드,7.1
1508,2020-10-02,죽지않는 인간들의 밤,6.96
1509,2020-10-02,퍼스널 쇼퍼,6.95
1510,2020-10-02,기기괴괴 성형수,6.93
1511,2020-10-02,디바,6.64
1512,2020-10-02,강철비2: 정상회담,5.01
1513,2020-10-02,뮬란,4.31
1514,2020-10-02,국제수사,4.2
1515,2020-10-03,소년시절의 너,9.39
1516,2020-10-03,브레이크 더 사일런스: 더 무비,9.34
1517,2020-10-03,러브 앳,9.23
1518,2020-10-03,톰보이,9.2
1519,2020-10-03,사랑과 영혼,9.19
1520,2020-10-03,제리 맥과이어,9.16
1521,2020-10-03,샤인,9.08
1522,2020-10-03,아웃포스트,9.07
1523,2020-10-03,타오르는 여인의 초상,9.05
1524,2020-10-03,타샤 튜더,9.03
1525,2020-10-03,담보,8.97
1526,2020-10-03,극장판 짱구는 못말려: 신혼여행 허리케인~ 사라진 아빠!,8.94
1527,2020-10-03,비투스,8.94
1528,2020-10-03,너의 이름은.,8.78
1529,2020-10-03,브리짓 존스의 일기,8.68
1530,2020-10-03,69세,8.63
1531,2020-10-03,라라랜드,8.61
1532,2020-10-03,렛 미 인,8.52
1533,2020-10-03,레이디 버드,8.5
1534,2020-10-03,아무르,8.48
1535,2020-10-03,보리밭을 흔드는 바람,8.47
1536,2020-10-03,레토,8.44
1537,2020-10-03,500일의 썸머,8.42
1538,2020-10-03,검객,8.35
1539,2020-10-03,리스본행 야간열차,8.31
1540,2020-10-03,미스터 노바디,8.31
1541,2020-10-03,메기,8.29
1542,2020-10-03,테넷,8.27
1543,2020-10-03,피터와 드래곤,8.25
1544,2020-10-03,경계선,8.17
1545,2020-10-03,폭스캐처,8.16
1546,2020-10-03,프란시스 하,8.13
1547,2020-10-03,나의 산티아고,8.1
1548,2020-10-03,드라이브,8.06
1549,2020-10-03,위크엔드 인 파리,8.06
1550,2020-10-03,날씨의 아이,7.97
1551,2020-10-03,마스터,7.95
1552,2020-10-03,라붐,7.94
1553,2020-10-03,오! 문희,7.93
1554,2020-10-03,반교: 디텐션,7.8
1555,2020-10-03,다만 악에서 구하소서,7.65
1556,2020-10-03,홀리 모터스,7.52
1557,2020-10-03,퍼스널 쇼퍼,6.95
1558,2020-10-03,그린랜드,6.94
1559,2020-10-03,기기괴괴 성형수,6.94
1560,2020-10-03,죽지않는 인간들의 밤,6.92
1561,2020-10-03,디바,6.65
1562,2020-10-03,강철비2: 정상회담,5.01
1563,2020-10-03,뮬란,4.29
1564,2020-10-03,국제수사,4.23
1565,2020-10-04,소년시절의 너,9.39
1566,2020-10-04,브레이크 더 사일런스: 더 무비,9.35
1567,2020-10-04,톰보이,9.2
1568,2020-10-04,사랑과 영혼,9.19
1569,2020-10-04,제리 맥과이어,9.16
1570,2020-10-04,샤인,9.08
1571,2020-10-04,아웃포스트,9.07
1572,2020-10-04,타샤 튜더,9.04
1573,2020-10-04,담보,8.99
1574,2020-10-04,극장판 짱구는 못말려: 신혼여행 허리케인~ 사라진 아빠!,8.94
1575,2020-10-04,비투스,8.94
1576,2020-10-04,너의 이름은.,8.78
1577,2020-10-04,브리짓 존스의 일기,8.68
1578,2020-10-04,69세,8.63
1579,2020-10-04,라라랜드,8.61
1580,2020-10-04,렛 미 인,8.52
1581,2020-10-04,레이디 버드,8.5
1582,2020-10-04,아무르,8.48
1583,2020-10-04,보리밭을 흔드는 바람,8.47
1584,2020-10-04,레토,8.44
1585,2020-10-04,500일의 썸머,8.42
1586,2020-10-04,검객,8.34
1587,2020-10-04,리스본행 야간열차,8.31
1588,2020-10-04,미스터 노바디,8.3
1589,2020-10-04,테넷,8.26
1590,2020-10-04,경계선,8.17
1591,2020-10-04,프란시스 하,8.13
1592,2020-10-04,나의 산티아고,8.1
1593,2020-10-04,드라이브,8.06
1594,2020-10-04,날씨의 아이,7.97
1595,2020-10-04,마스터,7.95
1596,2020-10-04,라붐,7.94
1597,2020-10-04,오! 문희,7.93
1598,2020-10-04,반교: 디텐션,7.79
1599,2020-10-04,다만 악에서 구하소서,7.65
1600,2020-10-04,홀리 모터스,7.52
1601,2020-10-04,그린랜드,6.99
1602,2020-10-04,퍼스널 쇼퍼,6.95
1603,2020-10-04,기기괴괴 성형수,6.94
1604,2020-10-04,죽지않는 인간들의 밤,6.85
1605,2020-10-04,디바,6.67
1606,2020-10-04,강철비2: 정상회담,5.01
1607,2020-10-04,국제수사,4.32
1608,2020-10-04,뮬란,4.28
1609,2020-10-05,월-E,9.41
1610,2020-10-05,소년시절의 너,9.39
1611,2020-10-05,브레이크 더 사일런스: 더 무비,9.35
1612,2020-10-05,"미안해요, 리키",9.32
1613,2020-10-05,언더독,9.3
1614,2020-10-05,스파이더맨: 뉴 유니버스,9.2
1615,2020-10-05,톰보이,9.2
1616,2020-10-05,사랑과 영혼,9.19
1617,2020-10-05,제리 맥과이어,9.16
1618,2020-10-05,샤인,9.08
1619,2020-10-05,타샤 튜더,9.04
1620,2020-10-05,아웃포스트,9.02
1621,2020-10-05,담보,9.0
1622,2020-10-05,윤희에게,8.98
1623,2020-10-05,극장판 짱구는 못말려: 신혼여행 허리케인~ 사라진 아빠!,8.94
1624,2020-10-05,비투스,8.94
1625,2020-10-05,여행자,8.91
1626,2020-10-05,하녀,8.9
1627,2020-10-05,아무도 모른다,8.87
1628,2020-10-05,너의 이름은.,8.78
1629,2020-10-05,마미,8.68
1630,2020-10-05,브리짓 존스의 일기,8.68
1631,2020-10-05,찬실이는 복도 많지,8.65
1632,2020-10-05,항거:유관순 이야기,8.64
1633,2020-10-05,69세,8.63
1634,2020-10-05,레이디 버드,8.5
1635,2020-10-05,기생충,8.49
1636,2020-10-05,아무르,8.48
1637,2020-10-05,보리밭을 흔드는 바람,8.47
1638,2020-10-05,로렌스 애니웨이 ,8.44
1639,2020-10-05,500일의 썸머,8.42
1640,2020-10-05,검객,8.35
1641,2020-10-05,주디,8.34
1642,2020-10-05,그래비티,8.29
1643,2020-10-05,테넷,8.26
1644,2020-10-05,경계선,8.17
1645,2020-10-05,프란시스 하,8.13
1646,2020-10-05,신문기자,8.11
1647,2020-10-05,나의 산티아고,8.1
1648,2020-10-05,드라이브,8.07
1649,2020-10-05,블레이드 러너 2049,8.0
1650,2020-10-05,설국열차,7.98
1651,2020-10-05,날씨의 아이,7.97
1652,2020-10-05,라붐,7.94
1653,2020-10-05,오! 문희,7.93
1654,2020-10-05,반교: 디텐션,7.8
1655,2020-10-05,다만 악에서 구하소서,7.65
1656,2020-10-05,감쪽같은 그녀,7.57
1657,2020-10-05,홀리 모터스,7.52
1658,2020-10-05,애드 아스트라,7.26
1659,2020-10-06,포드 V 페라리,9.49
1660,2020-10-06,월-E,9.41
1661,2020-10-06,위대한 쇼맨,9.4
1662,2020-10-06,소년시절의 너,9.4
1663,2020-10-06,"미안해요, 리키",9.32
1664,2020-10-06,피아니스트,9.32
1665,2020-10-06,언더독,9.3
1666,2020-10-06,스파이더맨: 뉴 유니버스,9.2
1667,2020-10-06,톰보이,9.2
1668,2020-10-06,사랑과 영혼,9.19
1669,2020-10-06,제리 맥과이어,9.16
1670,2020-10-06,샤인,9.08
1671,2020-10-06,타오르는 여인의 초상,9.06
1672,2020-10-06,타샤 튜더,9.04
1673,2020-10-06,아웃포스트,9.02
1674,2020-10-06,윤희에게,8.98
1675,2020-10-06,담보,8.97
1676,2020-10-06,극장판 짱구는 못말려: 신혼여행 허리케인~ 사라진 아빠!,8.95
1677,2020-10-06,비투스,8.94
1678,2020-10-06,여행자,8.91
1679,2020-10-06,하녀,8.9
1680,2020-10-06,아무도 모른다,8.87
1681,2020-10-06,너의 이름은.,8.78
1682,2020-10-06,마미,8.68
1683,2020-10-06,브리짓 존스의 일기,8.68
1684,2020-10-06,찬실이는 복도 많지,8.65
1685,2020-10-06,항거:유관순 이야기,8.64
1686,2020-10-06,69세,8.63
1687,2020-10-06,라라랜드,8.61
1688,2020-10-06,레이디 버드,8.5
1689,2020-10-06,기생충,8.49
1690,2020-10-06,보리밭을 흔드는 바람,8.47
1691,2020-10-06,로렌스 애니웨이 ,8.44
1692,2020-10-06,닥터 슬립,8.44
1693,2020-10-06,500일의 썸머,8.42
1694,2020-10-06,검객,8.35
1695,2020-10-06,주디,8.34
1696,2020-10-06,리스본행 야간열차,8.31
1697,2020-10-06,그래비티,8.29
1698,2020-10-06,테넷,8.27
1699,2020-10-06,제로 다크 서티,8.21
1700,2020-10-06,경계선,8.17
1701,2020-10-06,프란시스 하,8.13
1702,2020-10-06,신문기자,8.11
1703,2020-10-06,나의 산티아고,8.1
1704,2020-10-06,드라이브,8.07
1705,2020-10-06,위크엔드 인 파리,8.06
1706,2020-10-06,블레이드 러너 2049,8.0
1707,2020-10-06,설국열차,7.98
1708,2020-10-06,날씨의 아이,7.97
1709,2020-10-07,포드 V 페라리,9.49
1710,2020-10-07,월-E,9.41
1711,2020-10-07,위대한 쇼맨,9.4
1712,2020-10-07,소년시절의 너,9.4
1713,2020-10-07,브레이크 더 사일런스: 더 무비,9.37
1714,2020-10-07,"미안해요, 리키",9.32
1715,2020-10-07,피아니스트,9.32
1716,2020-10-07,언더독,9.3
1717,2020-10-07,스파이더맨: 뉴 유니버스,9.2
1718,2020-10-07,톰보이,9.2
1719,2020-10-07,사랑과 영혼,9.19
1720,2020-10-07,제리 맥과이어,9.16
1721,2020-10-07,샤인,9.08
1722,2020-10-07,타오르는 여인의 초상,9.06
1723,2020-10-07,타샤 튜더,9.04
1724,2020-10-07,아웃포스트,9.02
1725,2020-10-07,윤희에게,8.98
1726,2020-10-07,담보,8.97
1727,2020-10-07,비투스,8.94
1728,2020-10-07,여행자,8.91
1729,2020-10-07,하녀,8.9
1730,2020-10-07,아무도 모른다,8.87
1731,2020-10-07,작은 아씨들,8.83
1732,2020-10-07,너의 이름은.,8.78
1733,2020-10-07,마미,8.68
1734,2020-10-07,브리짓 존스의 일기,8.68
1735,2020-10-07,찬실이는 복도 많지,8.65
1736,2020-10-07,항거:유관순 이야기,8.64
1737,2020-10-07,69세,8.63
1738,2020-10-07,라라랜드,8.61
1739,2020-10-07,기생충,8.49
1740,2020-10-07,보리밭을 흔드는 바람,8.47
1741,2020-10-07,로렌스 애니웨이 ,8.44
1742,2020-10-07,500일의 썸머,8.42
1743,2020-10-07,검객,8.35
1744,2020-10-07,주디,8.34
1745,2020-10-07,리스본행 야간열차,8.31
1746,2020-10-07,그래비티,8.29
1747,2020-10-07,테넷,8.27
1748,2020-10-07,피터와 드래곤,8.25
1749,2020-10-07,제로 다크 서티,8.21
1750,2020-10-07,경계선,8.17
1751,2020-10-07,프란시스 하,8.14
1752,2020-10-07,신문기자,8.11
1753,2020-10-07,나의 산티아고,8.1
1754,2020-10-07,드라이브,8.07
1755,2020-10-07,위크엔드 인 파리,8.06
1756,2020-10-07,블레이드 러너 2049,8.0
1757,2020-10-07,설국열차,7.98
1758,2020-10-07,날씨의 아이,7.97
1759,2020-10-08,포드 V 페라리,9.49
1760,2020-10-08,"그대, 고맙소 : 김호중 생애 첫 팬미팅 무비",9.48
1761,2020-10-08,월-E,9.41
1762,2020-10-08,위대한 쇼맨,9.4
1763,2020-10-08,소년시절의 너,9.4
1764,2020-10-08,브레이크 더 사일런스: 더 무비,9.37
1765,2020-10-08,"미안해요, 리키",9.32
1766,2020-10-08,피아니스트,9.32
1767,2020-10-08,언더독,9.3
1768,2020-10-08,스파이더맨: 뉴 유니버스,9.2
1769,2020-10-08,사랑과 영혼,9.19
1770,2020-10-08,제리 맥과이어,9.16
1771,2020-10-08,타오르는 여인의 초상,9.06
1772,2020-10-08,타샤 튜더,9.04
1773,2020-10-08,온워드: 단 하루의 기적,9.01
1774,2020-10-08,윤희에게,8.98
1775,2020-10-08,아웃포스트,8.97
1776,2020-10-08,극장판 짱구는 못말려: 신혼여행 허리케인~ 사라진 아빠!,8.94
1777,2020-10-08,담보,8.94
1778,2020-10-08,비투스,8.94
1779,2020-10-08,여행자,8.91
1780,2020-10-08,하녀,8.9
1781,2020-10-08,아무도 모른다,8.87
1782,2020-10-08,작은 아씨들,8.83
1783,2020-10-08,너의 이름은.,8.78
1784,2020-10-08,마미,8.68
1785,2020-10-08,브리짓 존스의 일기,8.68
1786,2020-10-08,찬실이는 복도 많지,8.65
1787,2020-10-08,항거:유관순 이야기,8.64
1788,2020-10-08,69세,8.63
1789,2020-10-08,라라랜드,8.61
1790,2020-10-08,기생충,8.49
1791,2020-10-08,아무르,8.48
1792,2020-10-08,보리밭을 흔드는 바람,8.47
1793,2020-10-08,로렌스 애니웨이 ,8.44
1794,2020-10-08,닥터 슬립,8.44
1795,2020-10-08,500일의 썸머,8.42
1796,2020-10-08,검객,8.35
1797,2020-10-08,주디,8.34
1798,2020-10-08,리스본행 야간열차,8.31
1799,2020-10-08,그래비티,8.29
1800,2020-10-08,테넷,8.27
1801,2020-10-08,피터와 드래곤,8.25
1802,2020-10-08,제로 다크 서티,8.21
1803,2020-10-08,경계선,8.17
1804,2020-10-08,프란시스 하,8.14
1805,2020-10-08,신문기자,8.11
1806,2020-10-08,나의 산티아고,8.1
1807,2020-10-08,드라이브,8.07
1808,2020-10-08,위크엔드 인 파리,8.06
1809,2020-10-09,포드 V 페라리,9.49
1810,2020-10-09,"그대, 고맙소 : 김호중 생애 첫 팬미팅 무비",9.47
1811,2020-10-09,월-E,9.41
1812,2020-10-09,소년시절의 너,9.4
1813,2020-10-09,위대한 쇼맨,9.4
1814,2020-10-09,브레이크 더 사일런스: 더 무비,9.36
1815,2020-10-09,피아니스트,9.32
1816,2020-10-09,언더독,9.3
1817,2020-10-09,스파이더맨: 뉴 유니버스,9.2
1818,2020-10-09,사랑과 영혼,9.19
1819,2020-10-09,제리 맥과이어,9.16
1820,2020-10-09,타오르는 여인의 초상,9.06
1821,2020-10-09,타샤 튜더,9.04
1822,2020-10-09,온워드: 단 하루의 기적,9.01
1823,2020-10-09,아웃포스트,8.98
1824,2020-10-09,윤희에게,8.98
1825,2020-10-09,극장판 짱구는 못말려: 신혼여행 허리케인~ 사라진 아빠!,8.95
1826,2020-10-09,담보,8.94
1827,2020-10-09,비투스,8.94
1828,2020-10-09,여행자,8.91
1829,2020-10-09,하녀,8.9
1830,2020-10-09,아무도 모른다,8.87
1831,2020-10-09,작은 아씨들,8.84
1832,2020-10-09,너의 이름은.,8.78
1833,2020-10-09,마미,8.68
1834,2020-10-09,브리짓 존스의 일기,8.68
1835,2020-10-09,찬실이는 복도 많지,8.65
1836,2020-10-09,항거:유관순 이야기,8.64
1837,2020-10-09,69세,8.63
1838,2020-10-09,라라랜드,8.61
1839,2020-10-09,기생충,8.49
1840,2020-10-09,아무르,8.48
1841,2020-10-09,보리밭을 흔드는 바람,8.47
1842,2020-10-09,로렌스 애니웨이 ,8.44
1843,2020-10-09,닥터 슬립,8.44
1844,2020-10-09,500일의 썸머,8.42
1845,2020-10-09,검객,8.36
1846,2020-10-09,주디,8.34
1847,2020-10-09,리스본행 야간열차,8.31
1848,2020-10-09,그래비티,8.29
1849,2020-10-09,테넷,8.27
1850,2020-10-09,피터와 드래곤,8.25
1851,2020-10-09,제로 다크 서티,8.21
1852,2020-10-09,경계선,8.17
1853,2020-10-09,프란시스 하,8.14
1854,2020-10-09,신문기자,8.11
1855,2020-10-09,드라이브,8.07
1856,2020-10-09,위크엔드 인 파리,8.06
1857,2020-10-09,블레이드 러너 2049,7.99
1858,2020-10-09,설국열차,7.98
1859,2020-10-10,포드 V 페라리,9.49
1860,2020-10-10,"그대, 고맙소 : 김호중 생애 첫 팬미팅 무비",9.45
1861,2020-10-10,월-E,9.41
1862,2020-10-10,소년시절의 너,9.4
1863,2020-10-10,위대한 쇼맨,9.4
1864,2020-10-10,브레이크 더 사일런스: 더 무비,9.37
1865,2020-10-10,피아니스트,9.32
1866,2020-10-10,언더독,9.3
1867,2020-10-10,스파이더맨: 뉴 유니버스,9.2
1868,2020-10-10,사랑과 영혼,9.19
1869,2020-10-10,제리 맥과이어,9.16
1870,2020-10-10,타오르는 여인의 초상,9.06
1871,2020-10-10,타샤 튜더,9.04
1872,2020-10-10,온워드: 단 하루의 기적,9.01
1873,2020-10-10,윤희에게,8.98
1874,2020-10-10,아웃포스트,8.97
1875,2020-10-10,극장판 짱구는 못말려: 신혼여행 허리케인~ 사라진 아빠!,8.95
1876,2020-10-10,비투스,8.94
1877,2020-10-10,담보,8.93
1878,2020-10-10,여행자,8.91
1879,2020-10-10,하녀,8.9
1880,2020-10-10,아무도 모른다,8.87
1881,2020-10-10,작은 아씨들,8.84
1882,2020-10-10,너의 이름은.,8.78
1883,2020-10-10,마미,8.68
1884,2020-10-10,브리짓 존스의 일기,8.68
1885,2020-10-10,찬실이는 복도 많지,8.66
1886,2020-10-10,항거:유관순 이야기,8.64
1887,2020-10-10,69세,8.63
1888,2020-10-10,라라랜드,8.61
1889,2020-10-10,기생충,8.49
1890,2020-10-10,아무르,8.48
1891,2020-10-10,보리밭을 흔드는 바람,8.47
1892,2020-10-10,로렌스 애니웨이 ,8.44
1893,2020-10-10,닥터 슬립,8.44
1894,2020-10-10,500일의 썸머,8.42
1895,2020-10-10,검객,8.35
1896,2020-10-10,주디,8.34
1897,2020-10-10,리스본행 야간열차,8.31
1898,2020-10-10,그래비티,8.29
1899,2020-10-10,테넷,8.27
1900,2020-10-10,피터와 드래곤,8.25
1901,2020-10-10,제로 다크 서티,8.21
1902,2020-10-10,경계선,8.17
1903,2020-10-10,프란시스 하,8.14
1904,2020-10-10,신문기자,8.11
1905,2020-10-10,드라이브,8.06
1906,2020-10-10,위크엔드 인 파리,8.06
1907,2020-10-10,블레이드 러너 2049,7.99
1908,2020-10-10,설국열차,7.98
1909,2020-10-11,포드 V 페라리,9.49
1910,2020-10-11,"그대, 고맙소 : 김호중 생애 첫 팬미팅 무비",9.47
1911,2020-10-11,월-E,9.41
1912,2020-10-11,소년시절의 너,9.4
1913,2020-10-11,위대한 쇼맨,9.4
1914,2020-10-11,브레이크 더 사일런스: 더 무비,9.37
1915,2020-10-11,피아니스트,9.32
1916,2020-10-11,언더독,9.3
1917,2020-10-11,스파이더맨: 뉴 유니버스,9.2
1918,2020-10-11,사랑과 영혼,9.19
1919,2020-10-11,제리 맥과이어,9.16
1920,2020-10-11,타샤 튜더,9.04
1921,2020-10-11,온워드: 단 하루의 기적,9.01
1922,2020-10-11,윤희에게,8.98
1923,2020-10-11,아웃포스트,8.96
1924,2020-10-11,극장판 짱구는 못말려: 신혼여행 허리케인~ 사라진 아빠!,8.95
1925,2020-10-11,비투스,8.94
1926,2020-10-11,담보,8.92
1927,2020-10-11,아무도 모른다,8.87
1928,2020-10-11,작은 아씨들,8.84
1929,2020-10-11,너의 이름은.,8.78
1930,2020-10-11,마미,8.69
1931,2020-10-11,브리짓 존스의 일기,8.68
1932,2020-10-11,찬실이는 복도 많지,8.66
1933,2020-10-11,69세,8.63
1934,2020-10-11,라라랜드,8.61
1935,2020-10-11,기생충,8.49
1936,2020-10-11,아무르,8.48
1937,2020-10-11,보리밭을 흔드는 바람,8.47
1938,2020-10-11,로렌스 애니웨이 ,8.44
1939,2020-10-11,닥터 슬립,8.44
1940,2020-10-11,500일의 썸머,8.42
1941,2020-10-11,검객,8.36
1942,2020-10-11,주디,8.34
1943,2020-10-11,리스본행 야간열차,8.31
1944,2020-10-11,그래비티,8.29
1945,2020-10-11,테넷,8.27
1946,2020-10-11,피터와 드래곤,8.25
1947,2020-10-11,제로 다크 서티,8.21
1948,2020-10-11,경계선,8.17
1949,2020-10-11,프란시스 하,8.14
1950,2020-10-11,신문기자,8.11
1951,2020-10-11,드라이브,8.07
1952,2020-10-11,위크엔드 인 파리,8.06
1953,2020-10-11,블레이드 러너 2049,7.99
1954,2020-10-11,날씨의 아이,7.97
1955,2020-10-11,오! 문희,7.95
1956,2020-10-11,라붐,7.94
1957,2020-10-11,반교: 디텐션,7.8
1958,2020-10-11,다만 악에서 구하소서,7.64
1959,2020-10-12,포드 V 페라리,9.49
1960,2020-10-12,"그대, 고맙소 : 김호중 생애 첫 팬미팅 무비",9.45
1961,2020-10-12,소년시절의 너,9.4
1962,2020-10-12,위대한 쇼맨,9.4
1963,2020-10-12,브레이크 더 사일런스: 더 무비,9.38
1964,2020-10-12,피아니스트,9.32
1965,2020-10-12,언더독,9.3
1966,2020-10-12,스파이더맨: 뉴 유니버스,9.2
1967,2020-10-12,사랑과 영혼,9.19
1968,2020-10-12,제리 맥과이어,9.16
1969,2020-10-12,타샤 튜더,9.04
1970,2020-10-12,윤희에게,8.98
1971,2020-10-12,분노의 질주: 더 익스트림,8.96
1972,2020-10-12,아웃포스트,8.96
1973,2020-10-12,극장판 짱구는 못말려: 신혼여행 허리케인~ 사라진 아빠!,8.95
1974,2020-10-12,비투스,8.94
1975,2020-10-12,담보,8.91
1976,2020-10-12,너의 이름은.,8.78
1977,2020-10-12,마미,8.69
1978,2020-10-12,브리짓 존스의 일기,8.68
1979,2020-10-12,찬실이는 복도 많지,8.66
1980,2020-10-12,69세,8.63
1981,2020-10-12,라라랜드,8.61
1982,2020-10-12,기생충,8.49
1983,2020-10-12,아무르,8.48
1984,2020-10-12,보리밭을 흔드는 바람,8.47
1985,2020-10-12,로렌스 애니웨이 ,8.44
1986,2020-10-12,500일의 썸머,8.42
1987,2020-10-12,검객,8.36
1988,2020-10-12,주디,8.34
1989,2020-10-12,리스본행 야간열차,8.31
1990,2020-10-12,테넷,8.27
1991,2020-10-12,제로 다크 서티,8.21
1992,2020-10-12,경계선,8.17
1993,2020-10-12,프란시스 하,8.14
1994,2020-10-12,신문기자,8.11
1995,2020-10-12,드라이브,8.07
1996,2020-10-12,위크엔드 인 파리,8.06
1997,2020-10-12,블레이드 러너 2049,7.99
1998,2020-10-12,날씨의 아이,7.97
1999,2020-10-12,오! 문희,7.95
2000,2020-10-12,라붐,7.94
2001,2020-10-12,반교: 디텐션,7.8
2002,2020-10-12,다만 악에서 구하소서,7.64
2003,2020-10-12,홀리 모터스,7.52
2004,2020-10-12,그린랜드,7.02
2005,2020-10-12,기기괴괴 성형수,6.92
2006,2020-10-12,언힌지드,6.85
2007,2020-10-12,죽지않는 인간들의 밤,6.77
2008,2020-10-12,디바,6.7
2009,2020-10-13,"그대, 고맙소 : 김호중 생애 첫 팬미팅 무비",9.46
2010,2020-10-13,소년시절의 너,9.4
2011,2020-10-13,위대한 쇼맨,9.4
2012,2020-10-13,브레이크 더 사일런스: 더 무비,9.38
2013,2020-10-13,피아니스트,9.32
2014,2020-10-13,언더독,9.3
2015,2020-10-13,스파이더맨: 뉴 유니버스,9.2
2016,2020-10-13,사랑과 영혼,9.19
2017,2020-10-13,제리 맥과이어,9.16
2018,2020-10-13,타오르는 여인의 초상,9.06
2019,2020-10-13,타샤 튜더,9.04
2020,2020-10-13,윤희에게,8.98
2021,2020-10-13,극장판 짱구는 못말려: 신혼여행 허리케인~ 사라진 아빠!,8.95
2022,2020-10-13,아웃포스트,8.95
2023,2020-10-13,비투스,8.94
2024,2020-10-13,담보,8.9
2025,2020-10-13,너의 이름은.,8.78
2026,2020-10-13,마미,8.69
2027,2020-10-13,브리짓 존스의 일기,8.68
2028,2020-10-13,찬실이는 복도 많지,8.66
2029,2020-10-13,69세,8.63
2030,2020-10-13,라라랜드,8.61
2031,2020-10-13,기생충,8.49
2032,2020-10-13,보리밭을 흔드는 바람,8.46
2033,2020-10-13,로렌스 애니웨이 ,8.44
2034,2020-10-13,500일의 썸머,8.42
2035,2020-10-13,검객,8.35
2036,2020-10-13,주디,8.34
2037,2020-10-13,리스본행 야간열차,8.31
2038,2020-10-13,테넷,8.27
2039,2020-10-13,제로 다크 서티,8.21
2040,2020-10-13,경계선,8.17
2041,2020-10-13,프란시스 하,8.14
2042,2020-10-13,신문기자,8.11
2043,2020-10-13,드라이브,8.07
2044,2020-10-13,위크엔드 인 파리,8.06
2045,2020-10-13,블레이드 러너 2049,7.99
2046,2020-10-13,날씨의 아이,7.97
2047,2020-10-13,오! 문희,7.95
2048,2020-10-13,라붐,7.94
2049,2020-10-13,다만 악에서 구하소서,7.64
2050,2020-10-13,홀리 모터스,7.52
2051,2020-10-13,그린랜드,7.03
2052,2020-10-13,기기괴괴 성형수,6.91
2053,2020-10-13,죽지않는 인간들의 밤,6.75
2054,2020-10-13,언힌지드,6.72
2055,2020-10-13,디바,6.69
2056,2020-10-13,강철비2: 정상회담,5.01
2057,2020-10-13,국제수사,4.89
2058,2020-10-13,뮬란,4.22
2059,2020-10-14,"그대, 고맙소 : 김호중 생애 첫 팬미팅 무비",9.44
2060,2020-10-14,소년시절의 너,9.4
2061,2020-10-14,위대한 쇼맨,9.4
2062,2020-10-14,브레이크 더 사일런스: 더 무비,9.37
2063,2020-10-14,피아니스트,9.32
2064,2020-10-14,언더독,9.3
2065,2020-10-14,스파이더맨: 뉴 유니버스,9.2
2066,2020-10-14,톰보이,9.2
2067,2020-10-14,사랑과 영혼,9.19
2068,2020-10-14,제리 맥과이어,9.16
2069,2020-10-14,타오르는 여인의 초상,9.06
2070,2020-10-14,윤희에게,8.98
2071,2020-10-14,아웃포스트,8.96
2072,2020-10-14,극장판 짱구는 못말려: 신혼여행 허리케인~ 사라진 아빠!,8.95
2073,2020-10-14,비투스,8.94
2074,2020-10-14,담보,8.9
2075,2020-10-14,너의 이름은.,8.78
2076,2020-10-14,마미,8.69
2077,2020-10-14,브리짓 존스의 일기,8.68
2078,2020-10-14,찬실이는 복도 많지,8.65
2079,2020-10-14,69세,8.63
2080,2020-10-14,라라랜드,8.61
2081,2020-10-14,기생충,8.49
2082,2020-10-14,로렌스 애니웨이 ,8.44
2083,2020-10-14,닥터 슬립,8.44
2084,2020-10-14,500일의 썸머,8.42
2085,2020-10-14,검객,8.36
2086,2020-10-14,주디,8.34
2087,2020-10-14,리스본행 야간열차,8.31
2088,2020-10-14,테넷,8.27
2089,2020-10-14,제로 다크 서티,8.21
2090,2020-10-14,경계선,8.17
2091,2020-10-14,프란시스 하,8.14
2092,2020-10-14,신문기자,8.11
2093,2020-10-14,드라이브,8.07
2094,2020-10-14,위크엔드 인 파리,8.06
2095,2020-10-14,블레이드 러너 2049,7.99
2096,2020-10-14,날씨의 아이,7.97
2097,2020-10-14,오! 문희,7.96
2098,2020-10-14,라붐,7.94
2099,2020-10-14,다만 악에서 구하소서,7.64
2100,2020-10-14,홀리 모터스,7.52
2101,2020-10-14,그린랜드,7.03
2102,2020-10-14,기기괴괴 성형수,6.91
2103,2020-10-14,언힌지드,6.73
2104,2020-10-14,죽지않는 인간들의 밤,6.7
2105,2020-10-14,디바,6.69
2106,2020-10-14,강철비2: 정상회담,5.01
2107,2020-10-14,국제수사,4.88
2108,2020-10-14,뮬란,4.2
2109,2020-10-15,포드 V 페라리,9.49
2110,2020-10-15,"그대, 고맙소 : 김호중 생애 첫 팬미팅 무비",9.43
2111,2020-10-15,소년시절의 너,9.4
2112,2020-10-15,브레이크 더 사일런스: 더 무비,9.38
2113,2020-10-15,피아니스트,9.32
2114,2020-10-15,언더독,9.3
2115,2020-10-15,스파이더맨: 뉴 유니버스,9.2
2116,2020-10-15,톰보이,9.2
2117,2020-10-15,사랑과 영혼,9.19
2118,2020-10-15,제리 맥과이어,9.16
2119,2020-10-15,타오르는 여인의 초상,9.06
2120,2020-10-15,윤희에게,8.98
2121,2020-10-15,극장판 짱구는 못말려: 신혼여행 허리케인~ 사라진 아빠!,8.95
2122,2020-10-15,아웃포스트,8.95
2123,2020-10-15,비투스,8.94
2124,2020-10-15,담보,8.9
2125,2020-10-15,너의 이름은.,8.78
2126,2020-10-15,마미,8.69
2127,2020-10-15,브리짓 존스의 일기,8.68
2128,2020-10-15,찬실이는 복도 많지,8.66
2129,2020-10-15,69세,8.63
2130,2020-10-15,라라랜드,8.61
2131,2020-10-15,기생충,8.49
2132,2020-10-15,로렌스 애니웨이 ,8.44
2133,2020-10-15,닥터 슬립,8.44
2134,2020-10-15,500일의 썸머,8.42
2135,2020-10-15,검객,8.36
2136,2020-10-15,주디,8.34
2137,2020-10-15,리스본행 야간열차,8.31
2138,2020-10-15,테넷,8.27
2139,2020-10-15,제로 다크 서티,8.21
2140,2020-10-15,경계선,8.17
2141,2020-10-15,프란시스 하,8.14
2142,2020-10-15,신문기자,8.11
2143,2020-10-15,블레이드 러너 2049,7.99
2144,2020-10-15,날씨의 아이,7.97
2145,2020-10-15,오! 문희,7.96
2146,2020-10-15,라붐,7.94
2147,2020-10-15,다만 악에서 구하소서,7.64
2148,2020-10-15,홀리 모터스,7.52
2149,2020-10-15,그린랜드,7.04
2150,2020-10-15,소리도 없이,7.01
2151,2020-10-15,기기괴괴 성형수,6.9
2152,2020-10-15,디바,6.69
2153,2020-10-15,언힌지드,6.69
2154,2020-10-15,죽지않는 인간들의 밤,6.62
2155,2020-10-15,강철비2: 정상회담,5.01
2156,2020-10-15,국제수사,4.87
2157,2020-10-15,뮬란,4.2
